product_id,store_id,name,category,current_stock,min_threshold,max_capacity,price,last_restocked,trend,holiday_impact
P001_S001,S001,Product 001,Dairy,155,40,270,4.24,2025-07-09,decreasing,1.8
P002_S001,S001,Product 002,Beverages,199,29,245,3.49,2025-07-03,increasing,1.8
P003_S001,S001,Product 003,Dairy,190,34,297,1.76,2025-07-06,decreasing,2.5
P004_S001,S001,Product 004,Snacks,108,28,206,9.24,2025-07-04,decreasing,2.1
P005_S001,S001,Product 005,Produce,182,26,104,3.17,2025-07-07,increasing,2.2
P006_S001,S001,Product 006,Household,32,22,213,2.34,2025-07-03,increasing,1.4
P007_S001,S001,Product 007,Snacks,97,42,121,5.34,2025-07-09,increasing,1.1
P008_S001,S001,Product 008,Household,56,40,266,4.63,2025-07-03,decreasing,1.5
P009_S001,S001,Product 009,Snacks,178,38,90,5.56,2025-07-04,increasing,2.6
P010_S001,S001,Product 010,Condiments,192,47,164,5.8,2025-07-09,stable,2.7
P011_S001,S001,Product 011,Frozen,123,49,229,5.17,2025-07-01,increasing,2.2
P012_S001,S001,Product 012,Meat,128,30,152,9.96,2025-07-01,increasing,2.4
P013_S001,S001,Product 013,Produce,76,37,135,8.71,2025-07-04,increasing,2.5
P014_S001,S001,Product 014,Produce,179,27,283,7.87,2025-07-04,stable,2.8
P015_S001,S001,Product 015,Beverages,111,33,130,2.44,2025-07-03,decreasing,1.9
P016_S001,S001,Product 016,Bakery,163,38,99,4.54,2025-07-01,stable,2.4
P017_S001,S001,Product 017,Dairy,68,47,137,1.8,2025-07-03,stable,2.1
P018_S001,S001,Product 018,Canned,49,32,258,4.01,2025-07-04,stable,2.2
P019_S001,S001,Product 019,Canned,19,48,137,6.65,2025-07-06,increasing,1.7
P020_S001,S001,Product 020,Dairy,183,48,101,6.77,2025-07-09,increasing,1.7
P021_S001,S001,Product 021,Frozen,20,18,225,6.09,2025-07-06,increasing,3.0
P022_S001,S001,Product 022,Frozen,8,11,204,7.3,2025-07-09,decreasing,1.6
P023_S001,S001,Product 023,Snacks,176,26,282,6.98,2025-07-08,increasing,2.3
P024_S001,S001,Product 024,Meat,33,16,222,4.57,2025-07-07,decreasing,2.2
P025_S001,S001,Product 025,Frozen,90,42,249,2.21,2025-07-04,increasing,2.7
P026_S001,S001,Product 026,Household,125,45,256,6.14,2025-07-05,stable,1.4
P027_S001,S001,Product 027,Snacks,148,33,165,9.09,2025-07-06,decreasing,2.5
P028_S001,S001,Product 028,Canned,192,45,230,1.47,2025-07-06,stable,1.8
P029_S001,S001,Product 029,Snacks,173,31,230,7.73,2025-07-02,stable,1.8
P030_S001,S001,Product 030,Snacks,25,34,99,9.83,2025-07-06,decreasing,3.0
P031_S001,S001,Product 031,Dairy,12,31,97,9.03,2025-07-02,increasing,2.9
P032_S001,S001,Product 032,Dairy,135,41,186,3.48,2025-07-07,stable,1.8
P033_S001,S001,Product 033,Frozen,148,29,299,3.21,2025-07-02,increasing,2.3
P034_S001,S001,Product 034,Bakery,70,45,285,7.39,2025-07-05,increasing,2.2
P035_S001,S001,Product 035,Canned,63,36,153,6.43,2025-07-02,decreasing,1.3
P036_S001,S001,Product 036,Household,122,17,111,7.86,2025-07-07,stable,2.0
P037_S001,S001,Product 037,Bakery,62,32,238,9.13,2025-07-03,decreasing,1.8
P038_S001,S001,Product 038,Bakery,108,48,299,1.27,2025-07-07,stable,2.7
P039_S001,S001,Product 039,Canned,80,44,156,3.86,2025-07-02,stable,2.3
P040_S001,S001,Product 040,Dairy,198,23,74,9.5,2025-07-07,stable,1.6
P041_S001,S001,Product 041,Beverages,32,47,179,9.96,2025-07-01,decreasing,2.3
P042_S001,S001,Product 042,Beverages,133,48,207,5.9,2025-07-04,decreasing,2.1
P043_S001,S001,Product 043,Dairy,166,33,174,4.99,2025-07-06,increasing,1.2
P044_S001,S001,Product 044,Snacks,83,13,269,5.41,2025-07-07,increasing,2.8
P045_S001,S001,Product 045,Bakery,63,43,245,6.56,2025-07-09,increasing,1.7
P046_S001,S001,Product 046,Snacks,195,19,69,1.66,2025-07-05,increasing,1.7
P047_S001,S001,Product 047,Meat,195,29,265,4.43,2025-07-02,stable,2.3
P048_S001,S001,Product 048,Beverages,61,40,187,1.07,2025-07-04,decreasing,2.4
P049_S001,S001,Product 049,Household,64,18,263,4.74,2025-07-06,increasing,2.6
P050_S001,S001,Product 050,Household,18,47,255,7.49,2025-07-08,decreasing,2.0
P051_S001,S001,Product 051,Household,90,49,239,9.09,2025-07-01,stable,1.6
P052_S001,S001,Product 052,Snacks,148,34,260,7.3,2025-07-01,increasing,1.4
P053_S001,S001,Product 053,Condiments,104,27,146,7.11,2025-07-01,decreasing,2.8
P054_S001,S001,Product 054,Household,117,13,272,2.14,2025-07-09,decreasing,2.7
P055_S001,S001,Product 055,Bakery,58,13,186,8.77,2025-07-02,increasing,1.7
P056_S001,S001,Product 056,Frozen,152,44,267,1.13,2025-07-02,increasing,1.1
P057_S001,S001,Product 057,Produce,161,10,277,8.32,2025-07-04,stable,2.7
P058_S001,S001,Product 058,Frozen,4,39,229,7.96,2025-07-07,stable,3.0
P059_S001,S001,Product 059,Meat,104,39,278,1.11,2025-07-04,increasing,2.5
P060_S001,S001,Product 060,Produce,112,29,86,8.76,2025-07-09,decreasing,2.1
P061_S001,S001,Product 061,Household,117,18,188,2.27,2025-07-09,stable,2.0
P062_S001,S001,Product 062,Frozen,27,39,103,4.8,2025-07-03,decreasing,1.6
P063_S001,S001,Product 063,Canned,132,45,166,7.09,2025-07-01,increasing,1.3
P064_S001,S001,Product 064,Frozen,120,12,164,3.76,2025-07-08,decreasing,2.4
P065_S001,S001,Product 065,Dairy,127,43,251,4.29,2025-07-07,decreasing,2.8
P066_S001,S001,Product 066,Beverages,113,39,142,2.05,2025-07-06,decreasing,1.1
P067_S001,S001,Product 067,Snacks,93,34,205,1.74,2025-07-09,decreasing,1.6
P068_S001,S001,Product 068,Frozen,132,17,146,4.17,2025-07-09,decreasing,2.5
P069_S001,S001,Product 069,Condiments,158,28,217,6.52,2025-07-01,increasing,1.1
P070_S001,S001,Product 070,Household,82,34,278,6.38,2025-07-05,stable,2.7
P071_S001,S001,Product 071,Snacks,54,16,276,5.54,2025-07-01,decreasing,2.5
P072_S001,S001,Product 072,Meat,99,13,117,9.58,2025-07-08,decreasing,1.7
P073_S001,S001,Product 073,Meat,9,14,187,5.26,2025-07-05,increasing,3.0
P074_S001,S001,Product 074,Canned,28,33,169,7.87,2025-07-09,increasing,1.8
P075_S001,S001,Product 075,Dairy,175,33,223,2.1,2025-07-06,stable,1.9
P076_S001,S001,Product 076,Beverages,194,29,238,6.9,2025-07-05,increasing,2.4
P077_S001,S001,Product 077,Frozen,139,10,260,9.53,2025-07-02,increasing,1.8
P078_S001,S001,Product 078,Household,153,44,165,5.82,2025-07-05,stable,2.5
P079_S001,S001,Product 079,Condiments,196,18,109,3.6,2025-07-09,increasing,2.0
P080_S001,S001,Product 080,Canned,68,40,159,3.37,2025-07-09,increasing,1.4
P081_S001,S001,Product 081,Frozen,35,19,150,3.06,2025-07-06,stable,1.5
P082_S001,S001,Product 082,Meat,187,38,238,9.63,2025-07-06,increasing,1.6
P083_S001,S001,Product 083,Snacks,129,18,279,9.05,2025-07-03,stable,2.6
P084_S001,S001,Product 084,Household,53,34,110,1.15,2025-07-09,decreasing,2.0
P085_S001,S001,Product 085,Produce,171,31,88,9.84,2025-07-06,decreasing,2.9
P086_S001,S001,Product 086,Dairy,172,23,91,4.01,2025-07-01,decreasing,2.2
P087_S001,S001,Product 087,Bakery,50,23,101,8.04,2025-07-01,stable,1.8
P088_S001,S001,Product 088,Bakery,143,48,134,4.41,2025-07-01,stable,2.3
P089_S001,S001,Product 089,Frozen,139,27,131,2.16,2025-07-02,decreasing,2.7
P090_S001,S001,Product 090,Beverages,63,34,153,8.66,2025-07-03,stable,2.8
P091_S001,S001,Product 091,Produce,55,16,75,9.58,2025-07-08,increasing,1.3
P092_S001,S001,Product 092,Frozen,150,44,253,5.32,2025-07-08,stable,1.6
P093_S001,S001,Product 093,Produce,94,28,214,7.11,2025-07-04,decreasing,1.8
P094_S001,S001,Product 094,Bakery,89,21,273,5.18,2025-07-08,decreasing,2.3
P095_S001,S001,Product 095,Household,182,50,180,3.22,2025-07-09,decreasing,1.7
P096_S001,S001,Product 096,Beverages,17,10,69,3.84,2025-07-02,stable,1.5
P097_S001,S001,Product 097,Canned,29,39,285,3.87,2025-07-03,increasing,2.5
P098_S001,S001,Product 098,Dairy,105,39,218,2.29,2025-07-09,decreasing,2.3
P099_S001,S001,Product 099,Condiments,86,21,185,4.25,2025-07-08,stable,1.1
P100_S001,S001,Product 100,Beverages,89,45,97,7.72,2025-07-04,increasing,2.0
P001_S002,S002,Product 001,Dairy,8,24,158,4.71,2025-07-01,increasing,2.5
P002_S002,S002,Product 002,Canned,39,12,115,5.64,2025-07-07,stable,2.7
P003_S002,S002,Product 003,Frozen,75,20,277,6.6,2025-07-08,stable,2.5
P004_S002,S002,Product 004,Frozen,47,32,137,3.94,2025-07-05,increasing,2.3
P005_S002,S002,Product 005,Dairy,108,44,240,3.24,2025-07-01,decreasing,2.1
P006_S002,S002,Product 006,Beverages,33,30,280,4.37,2025-07-01,increasing,2.7
P007_S002,S002,Product 007,Produce,177,41,259,1.34,2025-07-04,increasing,2.2
P008_S002,S002,Product 008,Dairy,134,14,134,4.43,2025-07-01,stable,1.6
P009_S002,S002,Product 009,Meat,200,37,259,6.47,2025-07-06,stable,2.7
P010_S002,S002,Product 010,Beverages,139,29,92,2.67,2025-07-09,decreasing,1.8
P011_S002,S002,Product 011,Frozen,39,10,166,8.35,2025-07-04,decreasing,1.1
P012_S002,S002,Product 012,Meat,37,45,136,3.79,2025-07-07,decreasing,2.3
P013_S002,S002,Product 013,Bakery,169,12,238,7.01,2025-07-04,decreasing,2.9
P014_S002,S002,Product 014,Meat,174,31,199,5.31,2025-07-06,increasing,2.7
P015_S002,S002,Product 015,Condiments,61,13,297,8.31,2025-07-03,stable,2.1
P016_S002,S002,Product 016,Bakery,77,12,210,2.96,2025-07-07,increasing,1.9
P017_S002,S002,Product 017,Snacks,53,36,137,5.4,2025-07-05,stable,1.5
P018_S002,S002,Product 018,Household,32,46,260,8.2,2025-07-08,increasing,2.9
P019_S002,S002,Product 019,Bakery,97,14,69,7.16,2025-07-03,stable,1.6
P020_S002,S002,Product 020,Dairy,182,34,106,3.94,2025-07-07,decreasing,2.6
P021_S002,S002,Product 021,Frozen,130,27,268,9.45,2025-07-04,increasing,2.0
P022_S002,S002,Product 022,Household,8,21,202,2.34,2025-07-08,decreasing,1.1
P023_S002,S002,Product 023,Meat,65,10,195,2.95,2025-07-07,increasing,2.7
P024_S002,S002,Product 024,Condiments,56,29,128,4.9,2025-07-04,decreasing,1.7
P025_S002,S002,Product 025,Bakery,192,27,77,9.64,2025-07-05,decreasing,1.7
P026_S002,S002,Product 026,Bakery,184,31,90,5.32,2025-07-03,stable,1.5
P027_S002,S002,Product 027,Meat,73,33,293,2.28,2025-07-02,stable,1.9
P028_S002,S002,Product 028,Meat,18,50,139,10.0,2025-07-08,decreasing,2.9
P029_S002,S002,Product 029,Frozen,18,29,268,6.68,2025-07-05,stable,1.1
P030_S002,S002,Product 030,Frozen,114,10,166,8.62,2025-07-07,decreasing,1.5
P031_S002,S002,Product 031,Meat,87,48,196,4.8,2025-07-06,stable,2.4
P032_S002,S002,Product 032,Bakery,157,24,244,8.1,2025-07-09,stable,1.5
P033_S002,S002,Product 033,Meat,57,40,248,8.67,2025-07-06,increasing,2.7
P034_S002,S002,Product 034,Bakery,134,21,87,4.46,2025-07-01,increasing,2.2
P035_S002,S002,Product 035,Frozen,74,32,286,5.96,2025-07-01,stable,3.0
P036_S002,S002,Product 036,Household,132,14,149,5.1,2025-07-02,increasing,1.1
P037_S002,S002,Product 037,Snacks,45,29,197,7.31,2025-07-01,stable,1.8
P038_S002,S002,Product 038,Canned,101,37,149,6.02,2025-07-09,stable,1.7
P039_S002,S002,Product 039,Snacks,128,46,175,2.56,2025-07-09,increasing,1.7
P040_S002,S002,Product 040,Condiments,2,50,240,3.07,2025-07-07,increasing,2.9
P041_S002,S002,Product 041,Dairy,139,26,209,1.67,2025-07-02,decreasing,1.1
P042_S002,S002,Product 042,Beverages,46,43,266,2.53,2025-07-07,stable,1.3
P043_S002,S002,Product 043,Condiments,175,30,132,3.69,2025-07-01,increasing,1.4
P044_S002,S002,Product 044,Meat,80,20,203,8.49,2025-07-08,increasing,1.4
P045_S002,S002,Product 045,Snacks,125,45,247,5.36,2025-07-02,stable,1.8
P046_S002,S002,Product 046,Dairy,187,13,100,2.88,2025-07-06,stable,1.1
P047_S002,S002,Product 047,Bakery,75,47,108,7.87,2025-07-08,decreasing,1.7
P048_S002,S002,Product 048,Condiments,116,23,207,8.44,2025-07-04,decreasing,2.0
P049_S002,S002,Product 049,Dairy,180,39,205,5.86,2025-07-08,increasing,2.7
P050_S002,S002,Product 050,Meat,61,12,166,4.24,2025-07-07,increasing,2.6
P051_S002,S002,Product 051,Condiments,101,33,120,1.13,2025-07-01,decreasing,1.5
P052_S002,S002,Product 052,Household,109,49,298,8.94,2025-07-09,increasing,2.8
P053_S002,S002,Product 053,Household,169,49,254,3.39,2025-07-05,increasing,1.6
P054_S002,S002,Product 054,Canned,151,13,178,6.81,2025-07-04,stable,1.2
P055_S002,S002,Product 055,Frozen,25,10,257,1.35,2025-07-04,decreasing,1.7
P056_S002,S002,Product 056,Canned,158,49,222,8.54,2025-07-07,increasing,1.6
P057_S002,S002,Product 057,Produce,156,20,114,1.53,2025-07-06,increasing,2.3
P058_S002,S002,Product 058,Beverages,146,26,169,1.36,2025-07-08,decreasing,2.3
P059_S002,S002,Product 059,Household,76,10,192,6.64,2025-07-04,increasing,2.7
P060_S002,S002,Product 060,Household,21,27,169,8.22,2025-07-02,increasing,1.8
P061_S002,S002,Product 061,Beverages,179,45,186,5.67,2025-07-07,stable,1.1
P062_S002,S002,Product 062,Meat,86,32,104,4.64,2025-07-07,decreasing,1.9
P063_S002,S002,Product 063,Beverages,4,21,144,9.77,2025-07-05,increasing,1.4
P064_S002,S002,Product 064,Meat,128,26,151,4.41,2025-07-06,stable,2.0
P065_S002,S002,Product 065,Dairy,114,34,235,4.84,2025-07-06,decreasing,1.2
P066_S002,S002,Product 066,Snacks,127,21,248,1.91,2025-07-06,stable,2.8
P067_S002,S002,Product 067,Household,67,17,293,3.22,2025-07-05,stable,1.4
P068_S002,S002,Product 068,Snacks,59,46,192,9.8,2025-07-02,stable,2.1
P069_S002,S002,Product 069,Condiments,72,20,163,1.63,2025-07-02,stable,1.6
P070_S002,S002,Product 070,Dairy,60,37,244,6.59,2025-07-05,increasing,2.1
P071_S002,S002,Product 071,Household,175,41,207,1.61,2025-07-03,stable,2.2
P072_S002,S002,Product 072,Canned,51,30,126,2.17,2025-07-01,stable,1.2
P073_S002,S002,Product 073,Meat,193,26,178,7.3,2025-07-07,decreasing,1.7
P074_S002,S002,Product 074,Meat,65,12,132,9.31,2025-07-07,increasing,2.8
P075_S002,S002,Product 075,Canned,92,16,74,6.72,2025-07-07,stable,2.4
P076_S002,S002,Product 076,Snacks,85,50,158,3.56,2025-07-05,stable,1.1
P077_S002,S002,Product 077,Canned,87,16,185,3.26,2025-07-05,stable,1.7
P078_S002,S002,Product 078,Dairy,50,17,245,4.01,2025-07-09,decreasing,1.3
P079_S002,S002,Product 079,Household,74,23,122,2.58,2025-07-06,increasing,2.9
P080_S002,S002,Product 080,Frozen,186,41,93,6.69,2025-07-08,increasing,2.1
P081_S002,S002,Product 081,Beverages,119,20,215,1.11,2025-07-07,stable,2.5
P082_S002,S002,Product 082,Beverages,148,40,157,3.59,2025-07-03,stable,2.5
P083_S002,S002,Product 083,Produce,175,40,259,1.7,2025-07-02,decreasing,2.6
P084_S002,S002,Product 084,Dairy,200,13,295,5.59,2025-07-07,increasing,1.5
P085_S002,S002,Product 085,Meat,14,16,236,5.37,2025-07-09,stable,1.8
P086_S002,S002,Product 086,Dairy,32,16,110,8.82,2025-07-02,decreasing,1.8
P087_S002,S002,Product 087,Snacks,193,48,193,6.75,2025-07-08,increasing,2.9
P088_S002,S002,Product 088,Produce,170,14,125,4.74,2025-07-03,increasing,1.8
P089_S002,S002,Product 089,Condiments,56,15,293,8.85,2025-07-05,increasing,1.9
P090_S002,S002,Product 090,Snacks,197,46,217,3.76,2025-07-06,stable,2.9
P091_S002,S002,Product 091,Dairy,61,37,253,2.04,2025-07-02,stable,1.1
P092_S002,S002,Product 092,Canned,153,15,92,8.3,2025-07-08,increasing,2.7
P093_S002,S002,Product 093,Snacks,39,48,200,6.27,2025-07-04,stable,2.6
P094_S002,S002,Product 094,Beverages,179,26,279,6.04,2025-07-09,increasing,1.2
P095_S002,S002,Product 095,Produce,73,40,112,7.06,2025-07-08,stable,1.6
P096_S002,S002,Product 096,Beverages,35,46,163,9.82,2025-07-08,stable,1.4
P097_S002,S002,Product 097,Dairy,24,11,246,6.08,2025-07-09,decreasing,2.5
P098_S002,S002,Product 098,Bakery,68,40,99,9.35,2025-07-09,stable,2.9
P099_S002,S002,Product 099,Condiments,48,48,118,2.86,2025-07-05,increasing,2.7
P100_S002,S002,Product 100,Snacks,91,47,151,5.31,2025-07-09,decreasing,2.1
P001_S003,S003,Product 001,Bakery,21,43,155,2.75,2025-07-08,decreasing,1.7
P002_S003,S003,Product 002,Produce,109,31,242,8.61,2025-07-05,increasing,2.1
P003_S003,S003,Product 003,Produce,128,16,257,1.03,2025-07-08,increasing,1.4
P004_S003,S003,Product 004,Snacks,2,14,66,4.84,2025-07-01,decreasing,1.3
P005_S003,S003,Product 005,Produce,55,26,115,4.58,2025-07-08,stable,1.0
P006_S003,S003,Product 006,Condiments,11,50,159,1.32,2025-07-02,increasing,2.5
P007_S003,S003,Product 007,Condiments,174,40,227,5.29,2025-07-09,decreasing,1.5
P008_S003,S003,Product 008,Frozen,135,45,96,6.83,2025-07-06,decreasing,2.0
P009_S003,S003,Product 009,Condiments,104,25,193,6.33,2025-07-04,stable,1.5
P010_S003,S003,Product 010,Condiments,188,24,283,9.82,2025-07-02,stable,2.5
P011_S003,S003,Product 011,Canned,68,42,133,5.87,2025-07-05,decreasing,2.2
P012_S003,S003,Product 012,Produce,171,26,122,5.65,2025-07-02,decreasing,1.7
P013_S003,S003,Product 013,Canned,183,35,265,7.14,2025-07-03,increasing,1.9
P014_S003,S003,Product 014,Produce,74,31,200,7.32,2025-07-02,increasing,2.7
P015_S003,S003,Product 015,Produce,143,30,87,6.53,2025-07-05,increasing,2.4
P016_S003,S003,Product 016,Condiments,1,12,117,9.72,2025-07-03,increasing,1.7
P017_S003,S003,Product 017,Dairy,128,11,136,6.01,2025-07-07,decreasing,2.4
P018_S003,S003,Product 018,Snacks,100,34,299,6.74,2025-07-09,stable,1.8
P019_S003,S003,Product 019,Snacks,91,16,165,8.7,2025-07-07,decreasing,1.7
P020_S003,S003,Product 020,Canned,61,30,190,2.86,2025-07-04,increasing,2.1
P021_S003,S003,Product 021,Dairy,186,16,124,6.21,2025-07-01,increasing,2.7
P022_S003,S003,Product 022,Produce,11,27,104,5.63,2025-07-01,decreasing,2.9
P023_S003,S003,Product 023,Meat,87,17,250,9.39,2025-07-02,decreasing,1.4
P024_S003,S003,Product 024,Dairy,76,12,291,6.48,2025-07-09,decreasing,1.6
P025_S003,S003,Product 025,Beverages,183,32,232,3.27,2025-07-05,increasing,3.0
P026_S003,S003,Product 026,Beverages,45,15,209,2.88,2025-07-09,increasing,1.1
P027_S003,S003,Product 027,Canned,179,24,78,9.11,2025-07-01,increasing,2.5
P028_S003,S003,Product 028,Household,21,36,92,1.7,2025-07-03,decreasing,2.3
P029_S003,S003,Product 029,Beverages,117,26,207,9.8,2025-07-01,increasing,2.0
P030_S003,S003,Product 030,Meat,96,11,273,1.67,2025-07-07,increasing,2.0
P031_S003,S003,Product 031,Canned,83,15,123,1.91,2025-07-05,stable,1.2
P032_S003,S003,Product 032,Bakery,56,38,225,4.67,2025-07-04,increasing,1.0
P033_S003,S003,Product 033,Beverages,64,42,273,4.75,2025-07-07,decreasing,1.9
P034_S003,S003,Product 034,Condiments,30,43,230,3.54,2025-07-06,decreasing,2.6
P035_S003,S003,Product 035,Produce,22,25,201,6.37,2025-07-02,decreasing,2.4
P036_S003,S003,Product 036,Bakery,98,16,191,4.44,2025-07-09,decreasing,2.6
P037_S003,S003,Product 037,Dairy,35,50,164,8.5,2025-07-08,decreasing,2.3
P038_S003,S003,Product 038,Bakery,175,45,262,3.76,2025-07-08,increasing,2.9
P039_S003,S003,Product 039,Dairy,196,34,86,6.62,2025-07-08,increasing,1.2
P040_S003,S003,Product 040,Bakery,189,38,262,5.18,2025-07-05,increasing,2.1
P041_S003,S003,Product 041,Frozen,68,24,277,4.27,2025-07-02,decreasing,1.1
P042_S003,S003,Product 042,Meat,48,46,100,8.44,2025-07-01,stable,2.7
P043_S003,S003,Product 043,Frozen,132,29,287,9.34,2025-07-04,stable,1.1
P044_S003,S003,Product 044,Meat,154,33,248,3.54,2025-07-02,decreasing,3.0
P045_S003,S003,Product 045,Beverages,14,41,159,6.36,2025-07-03,decreasing,2.8
P046_S003,S003,Product 046,Meat,2,34,118,6.4,2025-07-09,decreasing,1.4
P047_S003,S003,Product 047,Frozen,8,39,124,3.64,2025-07-08,increasing,2.5
P048_S003,S003,Product 048,Dairy,180,38,246,1.66,2025-07-09,stable,2.2
P049_S003,S003,Product 049,Condiments,42,35,98,6.18,2025-07-05,increasing,2.1
P050_S003,S003,Product 050,Canned,25,29,126,2.17,2025-07-08,stable,2.2
P051_S003,S003,Product 051,Frozen,65,24,260,2.69,2025-07-09,decreasing,1.1
P052_S003,S003,Product 052,Produce,47,49,133,6.09,2025-07-01,increasing,1.8
P053_S003,S003,Product 053,Canned,88,23,191,3.91,2025-07-01,stable,1.8
P054_S003,S003,Product 054,Household,173,43,208,6.65,2025-07-08,decreasing,2.0
P055_S003,S003,Product 055,Canned,74,31,117,8.34,2025-07-09,increasing,2.6
P056_S003,S003,Product 056,Snacks,185,25,262,5.58,2025-07-07,stable,1.4
P057_S003,S003,Product 057,Dairy,92,38,148,7.06,2025-07-09,decreasing,1.4
P058_S003,S003,Product 058,Produce,73,47,281,1.23,2025-07-03,increasing,2.4
P059_S003,S003,Product 059,Frozen,14,27,152,2.8,2025-07-04,stable,2.8
P060_S003,S003,Product 060,Dairy,154,18,292,8.31,2025-07-09,increasing,1.1
P061_S003,S003,Product 061,Beverages,93,30,179,6.49,2025-07-03,decreasing,2.4
P062_S003,S003,Product 062,Beverages,193,11,201,3.45,2025-07-09,increasing,2.3
P063_S003,S003,Product 063,Produce,52,34,95,5.06,2025-07-02,increasing,1.1
P064_S003,S003,Product 064,Snacks,35,16,158,9.26,2025-07-07,stable,3.0
P065_S003,S003,Product 065,Dairy,197,46,143,2.95,2025-07-09,increasing,2.2
P066_S003,S003,Product 066,Snacks,129,17,73,3.08,2025-07-08,decreasing,2.5
P067_S003,S003,Product 067,Produce,144,45,162,6.78,2025-07-03,stable,1.6
P068_S003,S003,Product 068,Meat,63,41,100,5.2,2025-07-07,increasing,1.4
P069_S003,S003,Product 069,Condiments,196,37,231,2.67,2025-07-05,stable,1.2
P070_S003,S003,Product 070,Frozen,99,20,187,5.62,2025-07-09,increasing,2.1
P071_S003,S003,Product 071,Condiments,124,18,295,7.76,2025-07-05,stable,2.2
P072_S003,S003,Product 072,Snacks,179,25,167,5.84,2025-07-01,decreasing,2.7
P073_S003,S003,Product 073,Canned,110,19,158,1.18,2025-07-09,increasing,1.7
P074_S003,S003,Product 074,Frozen,198,50,248,3.97,2025-07-03,stable,1.3
P075_S003,S003,Product 075,Canned,125,30,280,9.0,2025-07-03,decreasing,2.8
P076_S003,S003,Product 076,Canned,178,13,140,4.27,2025-07-08,decreasing,1.5
P077_S003,S003,Product 077,Condiments,157,39,131,5.54,2025-07-02,increasing,2.9
P078_S003,S003,Product 078,Beverages,58,39,160,7.29,2025-07-06,increasing,2.4
P079_S003,S003,Product 079,Frozen,166,32,113,7.5,2025-07-04,stable,2.3
P080_S003,S003,Product 080,Household,97,17,296,5.25,2025-07-02,increasing,2.8
P081_S003,S003,Product 081,Bakery,75,24,171,1.07,2025-07-03,increasing,2.8
P082_S003,S003,Product 082,Condiments,81,11,285,5.8,2025-07-02,stable,2.7
P083_S003,S003,Product 083,Frozen,43,33,100,3.43,2025-07-03,decreasing,1.6
P084_S003,S003,Product 084,Dairy,33,14,170,3.04,2025-07-02,increasing,2.3
P085_S003,S003,Product 085,Snacks,137,36,168,6.78,2025-07-08,decreasing,2.2
P086_S003,S003,Product 086,Produce,189,50,138,4.03,2025-07-03,increasing,1.0
P087_S003,S003,Product 087,Condiments,180,40,247,8.18,2025-07-01,increasing,2.1
P088_S003,S003,Product 088,Household,119,17,93,1.3,2025-07-03,increasing,2.4
P089_S003,S003,Product 089,Meat,190,24,139,5.61,2025-07-02,decreasing,2.8
P090_S003,S003,Product 090,Bakery,194,24,87,2.6,2025-07-06,increasing,2.6
P091_S003,S003,Product 091,Dairy,178,33,232,4.42,2025-07-07,increasing,2.5
P092_S003,S003,Product 092,Produce,8,18,169,7.62,2025-07-05,stable,2.4
P093_S003,S003,Product 093,Household,119,49,272,5.03,2025-07-02,stable,2.2
P094_S003,S003,Product 094,Canned,18,43,230,7.52,2025-07-09,increasing,1.3
P095_S003,S003,Product 095,Snacks,12,33,222,4.35,2025-07-04,stable,2.6
P096_S003,S003,Product 096,Dairy,60,18,130,3.53,2025-07-06,increasing,1.1
P097_S003,S003,Product 097,Produce,5,43,294,1.73,2025-07-05,decreasing,1.9
P098_S003,S003,Product 098,Household,89,13,193,3.31,2025-07-04,decreasing,1.6
P099_S003,S003,Product 099,Snacks,8,11,146,4.34,2025-07-01,stable,2.4
P100_S003,S003,Product 100,Bakery,179,49,146,1.32,2025-07-02,stable,1.4
P001_S004,S004,Product 001,Snacks,43,27,143,5.55,2025-07-09,decreasing,2.4
P002_S004,S004,Product 002,Bakery,51,50,181,8.65,2025-07-05,stable,1.2
P003_S004,S004,Product 003,Dairy,36,25,160,7.36,2025-07-09,stable,1.7
P004_S004,S004,Product 004,Produce,111,38,274,1.55,2025-07-02,increasing,1.5
P005_S004,S004,Product 005,Frozen,138,16,90,2.03,2025-07-01,increasing,1.0
P006_S004,S004,Product 006,Beverages,41,38,124,5.54,2025-07-01,stable,2.9
P007_S004,S004,Product 007,Household,105,22,223,8.96,2025-07-09,stable,1.9
P008_S004,S004,Product 008,Snacks,54,13,141,7.06,2025-07-04,stable,2.3
P009_S004,S004,Product 009,Dairy,171,20,143,6.86,2025-07-04,stable,2.3
P010_S004,S004,Product 010,Bakery,92,37,241,5.85,2025-07-04,stable,2.2
P011_S004,S004,Product 011,Canned,159,21,80,5.91,2025-07-06,increasing,2.8
P012_S004,S004,Product 012,Produce,57,48,223,1.46,2025-07-01,decreasing,1.8
P013_S004,S004,Product 013,Snacks,105,40,184,6.28,2025-07-08,increasing,2.3
P014_S004,S004,Product 014,Household,49,25,119,8.05,2025-07-01,increasing,1.4
P015_S004,S004,Product 015,Beverages,176,42,286,1.45,2025-07-05,decreasing,1.5
P016_S004,S004,Product 016,Produce,46,27,108,6.19,2025-07-05,decreasing,1.4
P017_S004,S004,Product 017,Dairy,23,35,128,9.22,2025-07-08,stable,2.0
P018_S004,S004,Product 018,Condiments,52,17,120,7.28,2025-07-05,decreasing,2.9
P019_S004,S004,Product 019,Produce,113,47,227,8.84,2025-07-04,stable,1.6
P020_S004,S004,Product 020,Snacks,84,14,232,7.83,2025-07-07,stable,1.7
P021_S004,S004,Product 021,Condiments,119,27,298,4.72,2025-07-09,decreasing,1.6
P022_S004,S004,Product 022,Frozen,18,14,163,8.08,2025-07-02,increasing,1.2
P023_S004,S004,Product 023,Condiments,56,16,228,1.82,2025-07-07,stable,2.7
P024_S004,S004,Product 024,Dairy,81,20,150,1.38,2025-07-05,stable,1.4
P025_S004,S004,Product 025,Snacks,186,23,123,4.11,2025-07-07,stable,1.2
P026_S004,S004,Product 026,Condiments,93,11,129,5.6,2025-07-08,increasing,2.9
P027_S004,S004,Product 027,Produce,165,47,273,4.39,2025-07-09,increasing,1.4
P028_S004,S004,Product 028,Bakery,181,26,254,8.41,2025-07-03,increasing,2.2
P029_S004,S004,Product 029,Condiments,74,19,213,7.9,2025-07-09,increasing,2.9
P030_S004,S004,Product 030,Bakery,157,37,181,2.34,2025-07-09,stable,2.7
P031_S004,S004,Product 031,Beverages,172,24,176,4.91,2025-07-01,stable,1.0
P032_S004,S004,Product 032,Condiments,116,48,202,7.65,2025-07-09,increasing,1.3
P033_S004,S004,Product 033,Canned,135,48,153,7.34,2025-07-02,decreasing,1.2
P034_S004,S004,Product 034,Condiments,155,47,183,3.36,2025-07-04,increasing,2.7
P035_S004,S004,Product 035,Beverages,118,34,290,7.13,2025-07-05,decreasing,2.4
P036_S004,S004,Product 036,Condiments,105,24,112,9.95,2025-07-03,increasing,2.4
P037_S004,S004,Product 037,Bakery,85,10,249,6.21,2025-07-09,stable,2.2
P038_S004,S004,Product 038,Household,142,37,125,3.91,2025-07-01,stable,1.4
P039_S004,S004,Product 039,Beverages,13,11,86,3.54,2025-07-06,stable,1.1
P040_S004,S004,Product 040,Produce,57,11,271,7.35,2025-07-04,stable,1.2
P041_S004,S004,Product 041,Bakery,92,50,104,1.49,2025-07-01,stable,2.1
P042_S004,S004,Product 042,Dairy,160,15,73,7.54,2025-07-05,increasing,1.6
P043_S004,S004,Product 043,Household,79,45,121,7.99,2025-07-06,decreasing,2.8
P044_S004,S004,Product 044,Condiments,173,47,248,8.16,2025-07-02,decreasing,1.8
P045_S004,S004,Product 045,Canned,88,32,205,3.99,2025-07-09,stable,1.4
P046_S004,S004,Product 046,Household,104,43,278,2.41,2025-07-06,decreasing,1.6
P047_S004,S004,Product 047,Meat,123,25,178,5.02,2025-07-06,increasing,2.6
P048_S004,S004,Product 048,Snacks,53,10,300,4.64,2025-07-08,stable,2.7
P049_S004,S004,Product 049,Beverages,185,26,162,4.52,2025-07-03,stable,1.9
P050_S004,S004,Product 050,Dairy,59,42,130,6.16,2025-07-07,increasing,2.4
P051_S004,S004,Product 051,Beverages,99,30,233,7.51,2025-07-01,stable,2.5
P052_S004,S004,Product 052,Beverages,16,25,186,5.72,2025-07-02,increasing,1.6
P053_S004,S004,Product 053,Canned,146,14,79,7.11,2025-07-05,increasing,2.5
P054_S004,S004,Product 054,Bakery,41,13,72,4.57,2025-07-08,stable,2.2
P055_S004,S004,Product 055,Bakery,97,41,174,1.97,2025-07-03,decreasing,2.8
P056_S004,S004,Product 056,Frozen,40,36,221,7.83,2025-07-05,decreasing,2.7
P057_S004,S004,Product 057,Condiments,16,43,217,5.79,2025-07-09,decreasing,1.7
P058_S004,S004,Product 058,Meat,154,43,154,5.83,2025-07-07,increasing,2.1
P059_S004,S004,Product 059,Condiments,135,31,198,7.71,2025-07-03,stable,2.3
P060_S004,S004,Product 060,Bakery,121,39,243,4.19,2025-07-06,increasing,2.0
P061_S004,S004,Product 061,Snacks,75,20,149,8.64,2025-07-01,stable,2.1
P062_S004,S004,Product 062,Meat,110,39,154,4.05,2025-07-02,stable,2.8
P063_S004,S004,Product 063,Snacks,70,31,280,9.44,2025-07-01,stable,1.4
P064_S004,S004,Product 064,Condiments,24,40,267,8.34,2025-07-01,increasing,1.2
P065_S004,S004,Product 065,Canned,124,35,132,1.8,2025-07-07,increasing,3.0
P066_S004,S004,Product 066,Snacks,171,45,286,5.64,2025-07-08,increasing,1.9
P067_S004,S004,Product 067,Dairy,48,19,75,6.85,2025-07-09,stable,2.2
P068_S004,S004,Product 068,Frozen,165,32,162,3.48,2025-07-08,decreasing,2.5
P069_S004,S004,Product 069,Bakery,21,16,112,4.89,2025-07-02,decreasing,2.7
P070_S004,S004,Product 070,Meat,189,48,214,4.43,2025-07-05,decreasing,2.4
P071_S004,S004,Product 071,Dairy,94,27,162,9.42,2025-07-02,increasing,1.7
P072_S004,S004,Product 072,Produce,118,21,180,2.89,2025-07-02,increasing,2.7
P073_S004,S004,Product 073,Meat,47,10,217,9.37,2025-07-03,decreasing,1.2
P074_S004,S004,Product 074,Bakery,196,12,65,7.65,2025-07-02,increasing,1.8
P075_S004,S004,Product 075,Frozen,83,44,266,5.48,2025-07-01,increasing,2.1
P076_S004,S004,Product 076,Household,179,33,169,1.33,2025-07-05,decreasing,2.0
P077_S004,S004,Product 077,Dairy,29,43,134,3.39,2025-07-06,increasing,2.5
P078_S004,S004,Product 078,Snacks,46,33,212,1.85,2025-07-09,stable,2.1
P079_S004,S004,Product 079,Frozen,3,22,192,5.16,2025-07-03,increasing,1.9
P080_S004,S004,Product 080,Snacks,1,12,222,3.39,2025-07-09,decreasing,2.7
P081_S004,S004,Product 081,Bakery,149,17,199,8.68,2025-07-09,stable,1.2
P082_S004,S004,Product 082,Dairy,148,17,248,6.39,2025-07-09,increasing,2.7
P083_S004,S004,Product 083,Meat,103,16,175,3.44,2025-07-09,increasing,2.5
P084_S004,S004,Product 084,Meat,194,33,206,7.69,2025-07-04,decreasing,2.2
P085_S004,S004,Product 085,Beverages,15,41,121,8.38,2025-07-07,decreasing,1.7
P086_S004,S004,Product 086,Frozen,20,17,189,4.52,2025-07-02,decreasing,2.4
P087_S004,S004,Product 087,Beverages,106,35,240,3.32,2025-07-05,decreasing,1.9
P088_S004,S004,Product 088,Meat,48,12,179,8.23,2025-07-04,increasing,1.6
P089_S004,S004,Product 089,Dairy,47,44,141,9.58,2025-07-09,increasing,2.0
P090_S004,S004,Product 090,Canned,35,33,224,5.06,2025-07-05,increasing,1.6
P091_S004,S004,Product 091,Dairy,179,27,257,5.88,2025-07-01,stable,2.4
P092_S004,S004,Product 092,Meat,155,50,158,9.39,2025-07-05,stable,1.4
P093_S004,S004,Product 093,Canned,93,12,256,6.73,2025-07-08,decreasing,1.1
P094_S004,S004,Product 094,Household,139,29,161,5.13,2025-07-03,stable,1.0
P095_S004,S004,Product 095,Frozen,65,11,160,6.59,2025-07-07,increasing,1.6
P096_S004,S004,Product 096,Household,62,16,81,5.01,2025-07-03,stable,2.1
P097_S004,S004,Product 097,Bakery,114,26,268,4.75,2025-07-07,increasing,1.4
P098_S004,S004,Product 098,Meat,171,19,72,8.65,2025-07-04,stable,2.0
P099_S004,S004,Product 099,Canned,135,14,103,5.69,2025-07-09,increasing,1.0
P100_S004,S004,Product 100,Frozen,44,32,243,7.77,2025-07-05,increasing,1.2
P001_S005,S005,Product 001,Canned,159,16,226,3.43,2025-07-06,stable,3.0
P002_S005,S005,Product 002,Produce,187,47,152,7.67,2025-07-07,stable,2.4
P003_S005,S005,Product 003,Frozen,200,21,172,4.73,2025-07-04,stable,1.7
P004_S005,S005,Product 004,Dairy,13,12,214,7.27,2025-07-02,decreasing,2.5
P005_S005,S005,Product 005,Dairy,47,19,102,7.79,2025-07-07,decreasing,2.9
P006_S005,S005,Product 006,Beverages,105,13,191,6.65,2025-07-09,increasing,1.2
P007_S005,S005,Product 007,Produce,178,14,89,5.21,2025-07-02,stable,2.8
P008_S005,S005,Product 008,Snacks,91,40,220,7.92,2025-07-07,decreasing,2.7
P009_S005,S005,Product 009,Snacks,0,34,297,9.4,2025-07-07,stable,2.4
P010_S005,S005,Product 010,Snacks,86,25,197,8.02,2025-07-05,increasing,2.2
P011_S005,S005,Product 011,Frozen,11,18,274,3.28,2025-07-02,decreasing,2.4
P012_S005,S005,Product 012,Bakery,74,40,171,3.64,2025-07-06,decreasing,2.6
P013_S005,S005,Product 013,Household,149,25,180,1.24,2025-07-06,increasing,2.1
P014_S005,S005,Product 014,Snacks,180,30,215,3.53,2025-07-07,stable,1.8
P015_S005,S005,Product 015,Canned,94,35,166,2.16,2025-07-05,stable,2.2
P016_S005,S005,Product 016,Beverages,83,45,273,3.34,2025-07-08,decreasing,2.8
P017_S005,S005,Product 017,Bakery,47,18,211,5.96,2025-07-03,stable,1.6
P018_S005,S005,Product 018,Produce,138,23,273,5.66,2025-07-06,increasing,1.1
P019_S005,S005,Product 019,Household,119,13,240,3.58,2025-07-06,increasing,1.5
P020_S005,S005,Product 020,Beverages,52,46,260,9.31,2025-07-04,stable,2.1
P021_S005,S005,Product 021,Bakery,149,13,284,6.35,2025-07-09,decreasing,2.2
P022_S005,S005,Product 022,Canned,94,42,205,7.06,2025-07-02,decreasing,2.7
P023_S005,S005,Product 023,Household,172,46,223,2.75,2025-07-02,stable,2.2
P024_S005,S005,Product 024,Meat,70,32,140,3.63,2025-07-06,increasing,1.5
P025_S005,S005,Product 025,Snacks,30,38,88,4.91,2025-07-08,stable,1.3
P026_S005,S005,Product 026,Condiments,9,32,96,4.93,2025-07-05,decreasing,2.4
P027_S005,S005,Product 027,Beverages,107,15,177,3.53,2025-07-06,stable,1.3
P028_S005,S005,Product 028,Bakery,31,27,77,7.47,2025-07-07,decreasing,1.5
P029_S005,S005,Product 029,Frozen,29,48,257,9.5,2025-07-05,stable,1.7
P030_S005,S005,Product 030,Snacks,78,31,114,4.93,2025-07-09,increasing,1.0
P031_S005,S005,Product 031,Dairy,93,36,259,6.27,2025-07-09,stable,1.8
P032_S005,S005,Product 032,Meat,32,30,118,8.66,2025-07-07,decreasing,2.2
P033_S005,S005,Product 033,Household,179,19,176,4.24,2025-07-05,stable,1.0
P034_S005,S005,Product 034,Beverages,4,27,117,2.69,2025-07-05,decreasing,2.7
P035_S005,S005,Product 035,Dairy,72,25,149,3.19,2025-07-06,increasing,2.6
P036_S005,S005,Product 036,Meat,192,31,164,6.04,2025-07-06,increasing,2.3
P037_S005,S005,Product 037,Dairy,95,44,153,4.21,2025-07-05,decreasing,1.4
P038_S005,S005,Product 038,Produce,184,24,134,9.99,2025-07-02,increasing,1.7
P039_S005,S005,Product 039,Condiments,40,40,96,7.61,2025-07-04,increasing,1.0
P040_S005,S005,Product 040,Condiments,113,16,238,5.89,2025-07-07,stable,1.5
P041_S005,S005,Product 041,Meat,75,28,190,4.27,2025-07-04,stable,2.6
P042_S005,S005,Product 042,Produce,35,29,287,2.96,2025-07-01,increasing,2.9
P043_S005,S005,Product 043,Snacks,33,16,142,3.82,2025-07-08,increasing,1.7
P044_S005,S005,Product 044,Beverages,78,13,90,9.29,2025-07-07,decreasing,1.3
P045_S005,S005,Product 045,Household,41,25,129,4.06,2025-07-07,decreasing,2.2
P046_S005,S005,Product 046,Produce,121,49,279,9.78,2025-07-05,decreasing,2.0
P047_S005,S005,Product 047,Meat,111,21,263,8.81,2025-07-05,decreasing,1.3
P048_S005,S005,Product 048,Dairy,2,18,149,5.84,2025-07-03,stable,2.4
P049_S005,S005,Product 049,Beverages,16,45,289,2.72,2025-07-05,increasing,1.4
P050_S005,S005,Product 050,Meat,93,25,145,7.12,2025-07-03,stable,1.4
P051_S005,S005,Product 051,Household,153,47,295,2.83,2025-07-01,decreasing,2.1
P052_S005,S005,Product 052,Canned,101,24,294,8.77,2025-07-05,increasing,1.2
P053_S005,S005,Product 053,Dairy,198,16,89,7.73,2025-07-02,increasing,3.0
P054_S005,S005,Product 054,Canned,69,48,257,1.26,2025-07-01,decreasing,1.6
P055_S005,S005,Product 055,Meat,130,41,285,7.67,2025-07-01,increasing,2.3
P056_S005,S005,Product 056,Frozen,182,44,113,7.7,2025-07-04,stable,2.4
P057_S005,S005,Product 057,Beverages,174,23,109,6.07,2025-07-02,stable,2.6
P058_S005,S005,Product 058,Canned,41,18,176,8.81,2025-07-07,stable,1.3
P059_S005,S005,Product 059,Beverages,86,21,266,8.18,2025-07-09,stable,2.4
P060_S005,S005,Product 060,Meat,177,25,153,1.41,2025-07-08,increasing,2.8
P061_S005,S005,Product 061,Household,146,20,289,9.0,2025-07-04,decreasing,2.2
P062_S005,S005,Product 062,Household,49,34,228,1.3,2025-07-01,decreasing,1.4
P063_S005,S005,Product 063,Condiments,97,26,201,3.35,2025-07-04,increasing,2.9
P064_S005,S005,Product 064,Beverages,104,13,260,7.67,2025-07-02,decreasing,2.6
P065_S005,S005,Product 065,Bakery,146,10,298,8.95,2025-07-09,stable,2.4
P066_S005,S005,Product 066,Household,129,27,99,1.31,2025-07-03,increasing,1.5
P067_S005,S005,Product 067,Meat,73,37,131,1.43,2025-07-08,decreasing,2.8
P068_S005,S005,Product 068,Household,57,12,110,3.46,2025-07-08,increasing,2.2
P069_S005,S005,Product 069,Meat,33,28,207,8.98,2025-07-05,increasing,1.3
P070_S005,S005,Product 070,Condiments,52,17,282,6.76,2025-07-07,increasing,2.0
P071_S005,S005,Product 071,Dairy,140,14,152,7.31,2025-07-03,increasing,1.1
P072_S005,S005,Product 072,Beverages,35,42,264,3.02,2025-07-01,stable,1.2
P073_S005,S005,Product 073,Beverages,153,43,195,5.0,2025-07-05,decreasing,1.6
P074_S005,S005,Product 074,Produce,51,33,263,8.57,2025-07-07,increasing,2.2
P075_S005,S005,Product 075,Condiments,11,13,168,7.92,2025-07-05,increasing,1.8
P076_S005,S005,Product 076,Meat,24,12,150,1.32,2025-07-02,stable,2.3
P077_S005,S005,Product 077,Meat,40,46,184,9.89,2025-07-08,decreasing,1.8
P078_S005,S005,Product 078,Condiments,147,25,285,8.24,2025-07-07,stable,1.7
P079_S005,S005,Product 079,Snacks,186,44,145,8.15,2025-07-08,decreasing,1.1
P080_S005,S005,Product 080,Canned,181,13,246,4.89,2025-07-02,increasing,2.7
P081_S005,S005,Product 081,Beverages,154,16,260,9.86,2025-07-09,decreasing,2.6
P082_S005,S005,Product 082,Snacks,188,35,275,5.4,2025-07-01,decreasing,1.8
P083_S005,S005,Product 083,Snacks,144,34,243,7.05,2025-07-07,stable,2.0
P084_S005,S005,Product 084,Beverages,38,30,284,6.29,2025-07-09,increasing,3.0
P085_S005,S005,Product 085,Meat,189,26,83,3.78,2025-07-09,stable,1.6
P086_S005,S005,Product 086,Canned,160,31,151,4.43,2025-07-02,stable,1.5
P087_S005,S005,Product 087,Produce,72,32,295,7.73,2025-07-06,increasing,1.8
P088_S005,S005,Product 088,Canned,174,18,224,2.96,2025-07-03,increasing,1.0
P089_S005,S005,Product 089,Snacks,110,31,236,9.66,2025-07-08,stable,1.5
P090_S005,S005,Product 090,Dairy,149,34,91,1.1,2025-07-03,decreasing,2.1
P091_S005,S005,Product 091,Dairy,120,17,101,9.25,2025-07-09,stable,2.9
P092_S005,S005,Product 092,Produce,195,19,95,6.27,2025-07-05,stable,1.6
P093_S005,S005,Product 093,Canned,192,31,119,4.15,2025-07-05,increasing,2.1
P094_S005,S005,Product 094,Condiments,72,28,87,5.09,2025-07-04,stable,1.3
P095_S005,S005,Product 095,Condiments,99,44,137,2.18,2025-07-04,increasing,2.1
P096_S005,S005,Product 096,Bakery,43,35,220,2.66,2025-07-06,decreasing,1.4
P097_S005,S005,Product 097,Snacks,56,11,89,6.45,2025-07-02,stable,1.3
P098_S005,S005,Product 098,Condiments,158,35,224,6.04,2025-07-09,stable,2.8
P099_S005,S005,Product 099,Dairy,79,27,275,7.53,2025-07-01,decreasing,2.6
P100_S005,S005,Product 100,Meat,39,46,150,4.85,2025-07-09,increasing,3.0
P001_S006,S006,Product 001,Household,17,40,110,6.86,2025-07-04,increasing,2.6
P002_S006,S006,Product 002,Household,99,48,171,6.35,2025-07-02,stable,1.3
P003_S006,S006,Product 003,Meat,69,32,201,8.13,2025-07-04,stable,2.6
P004_S006,S006,Product 004,Beverages,143,29,129,8.08,2025-07-06,stable,1.4
P005_S006,S006,Product 005,Condiments,144,30,236,9.77,2025-07-04,stable,2.2
P006_S006,S006,Product 006,Snacks,70,29,85,3.39,2025-07-07,stable,2.2
P007_S006,S006,Product 007,Produce,131,42,96,8.66,2025-07-02,increasing,1.9
P008_S006,S006,Product 008,Beverages,86,45,284,8.4,2025-07-08,increasing,2.9
P009_S006,S006,Product 009,Frozen,162,25,278,6.9,2025-07-09,decreasing,2.2
P010_S006,S006,Product 010,Bakery,40,48,184,1.49,2025-07-09,stable,1.1
P011_S006,S006,Product 011,Frozen,37,11,208,1.32,2025-07-06,decreasing,1.4
P012_S006,S006,Product 012,Beverages,17,40,188,9.31,2025-07-03,stable,1.0
P013_S006,S006,Product 013,Beverages,137,10,79,2.87,2025-07-02,decreasing,2.0
P014_S006,S006,Product 014,Beverages,44,48,189,6.97,2025-07-01,increasing,2.8
P015_S006,S006,Product 015,Snacks,192,12,193,6.89,2025-07-08,decreasing,1.1
P016_S006,S006,Product 016,Produce,170,18,196,5.42,2025-07-09,increasing,3.0
P017_S006,S006,Product 017,Beverages,155,34,250,4.78,2025-07-02,stable,1.2
P018_S006,S006,Product 018,Bakery,152,31,199,3.99,2025-07-08,stable,2.5
P019_S006,S006,Product 019,Snacks,116,15,160,9.28,2025-07-06,decreasing,1.9
P020_S006,S006,Product 020,Dairy,77,18,243,3.06,2025-07-01,stable,2.2
P021_S006,S006,Product 021,Meat,171,44,271,8.72,2025-07-02,decreasing,1.9
P022_S006,S006,Product 022,Dairy,118,23,99,4.36,2025-07-08,stable,2.5
P023_S006,S006,Product 023,Condiments,183,24,215,4.55,2025-07-09,decreasing,1.3
P024_S006,S006,Product 024,Household,48,13,165,4.71,2025-07-08,increasing,1.6
P025_S006,S006,Product 025,Bakery,54,26,110,9.72,2025-07-01,decreasing,1.2
P026_S006,S006,Product 026,Canned,115,40,263,5.46,2025-07-01,decreasing,2.5
P027_S006,S006,Product 027,Canned,126,49,261,2.91,2025-07-07,increasing,1.9
P028_S006,S006,Product 028,Snacks,44,47,290,1.14,2025-07-04,decreasing,1.7
P029_S006,S006,Product 029,Dairy,117,37,153,1.65,2025-07-08,increasing,1.9
P030_S006,S006,Product 030,Household,126,17,263,3.16,2025-07-03,decreasing,1.8
P031_S006,S006,Product 031,Dairy,41,45,151,1.76,2025-07-07,stable,1.6
P032_S006,S006,Product 032,Meat,153,48,156,5.8,2025-07-01,decreasing,1.5
P033_S006,S006,Product 033,Beverages,68,29,252,6.57,2025-07-06,decreasing,1.1
P034_S006,S006,Product 034,Meat,127,31,163,5.39,2025-07-03,increasing,2.6
P035_S006,S006,Product 035,Beverages,62,18,206,8.24,2025-07-03,decreasing,1.5
P036_S006,S006,Product 036,Dairy,161,15,240,3.61,2025-07-03,stable,2.1
P037_S006,S006,Product 037,Bakery,143,11,228,3.22,2025-07-04,decreasing,1.3
P038_S006,S006,Product 038,Produce,65,36,168,2.36,2025-07-09,stable,1.0
P039_S006,S006,Product 039,Frozen,164,25,86,7.5,2025-07-07,increasing,1.2
P040_S006,S006,Product 040,Dairy,191,44,295,6.44,2025-07-07,decreasing,2.4
P041_S006,S006,Product 041,Snacks,189,10,177,9.19,2025-07-05,stable,2.9
P042_S006,S006,Product 042,Produce,139,41,111,8.71,2025-07-02,increasing,2.5
P043_S006,S006,Product 043,Condiments,147,15,142,7.48,2025-07-07,increasing,2.7
P044_S006,S006,Product 044,Condiments,157,21,142,4.82,2025-07-01,increasing,1.8
P045_S006,S006,Product 045,Frozen,36,37,107,9.29,2025-07-03,increasing,2.1
P046_S006,S006,Product 046,Household,118,19,130,4.2,2025-07-06,stable,1.7
P047_S006,S006,Product 047,Bakery,147,50,142,8.88,2025-07-01,decreasing,2.1
P048_S006,S006,Product 048,Meat,40,47,284,1.28,2025-07-01,stable,1.5
P049_S006,S006,Product 049,Dairy,131,25,168,8.55,2025-07-07,decreasing,1.6
P050_S006,S006,Product 050,Meat,69,23,89,8.13,2025-07-07,stable,1.1
P051_S006,S006,Product 051,Condiments,122,14,274,5.31,2025-07-01,increasing,1.6
P052_S006,S006,Product 052,Produce,101,17,233,8.73,2025-07-01,increasing,1.9
P053_S006,S006,Product 053,Condiments,121,38,141,3.88,2025-07-04,stable,2.9
P054_S006,S006,Product 054,Produce,197,16,126,6.25,2025-07-04,increasing,2.4
P055_S006,S006,Product 055,Frozen,98,42,121,8.53,2025-07-04,increasing,1.8
P056_S006,S006,Product 056,Canned,6,44,223,4.92,2025-07-08,stable,2.0
P057_S006,S006,Product 057,Bakery,44,48,253,8.61,2025-07-09,stable,1.8
P058_S006,S006,Product 058,Beverages,173,46,228,7.56,2025-07-08,increasing,1.3
P059_S006,S006,Product 059,Condiments,168,48,179,2.45,2025-07-03,increasing,1.6
P060_S006,S006,Product 060,Snacks,39,41,260,8.66,2025-07-07,decreasing,2.2
P061_S006,S006,Product 061,Snacks,162,13,259,9.65,2025-07-01,increasing,1.9
P062_S006,S006,Product 062,Produce,123,15,200,7.47,2025-07-09,stable,1.9
P063_S006,S006,Product 063,Beverages,200,40,152,1.85,2025-07-06,decreasing,2.6
P064_S006,S006,Product 064,Household,168,12,261,6.21,2025-07-05,increasing,2.8
P065_S006,S006,Product 065,Snacks,25,41,260,7.96,2025-07-07,increasing,2.8
P066_S006,S006,Product 066,Beverages,137,28,235,1.24,2025-07-07,decreasing,3.0
P067_S006,S006,Product 067,Canned,200,33,247,6.12,2025-07-04,stable,2.9
P068_S006,S006,Product 068,Frozen,130,31,112,7.41,2025-07-03,stable,1.1
P069_S006,S006,Product 069,Bakery,143,34,184,7.66,2025-07-09,decreasing,1.9
P070_S006,S006,Product 070,Bakery,31,27,128,8.55,2025-07-08,decreasing,2.0
P071_S006,S006,Product 071,Household,146,32,103,1.93,2025-07-01,increasing,1.7
P072_S006,S006,Product 072,Bakery,11,28,225,4.94,2025-07-06,stable,2.9
P073_S006,S006,Product 073,Frozen,53,42,299,5.12,2025-07-02,stable,1.9
P074_S006,S006,Product 074,Bakery,118,25,126,7.5,2025-07-04,increasing,1.4
P075_S006,S006,Product 075,Produce,166,44,202,4.88,2025-07-07,stable,1.1
P076_S006,S006,Product 076,Household,186,49,271,2.55,2025-07-05,stable,2.0
P077_S006,S006,Product 077,Canned,127,25,123,8.22,2025-07-09,increasing,1.7
P078_S006,S006,Product 078,Dairy,148,18,174,1.33,2025-07-01,increasing,1.9
P079_S006,S006,Product 079,Canned,16,32,143,4.3,2025-07-02,decreasing,2.1
P080_S006,S006,Product 080,Beverages,167,42,221,6.71,2025-07-02,stable,2.3
P081_S006,S006,Product 081,Meat,25,41,298,5.59,2025-07-01,decreasing,2.0
P082_S006,S006,Product 082,Snacks,52,34,151,9.27,2025-07-03,increasing,2.9
P083_S006,S006,Product 083,Meat,176,38,247,9.74,2025-07-03,decreasing,1.7
P084_S006,S006,Product 084,Meat,118,23,231,1.52,2025-07-03,stable,2.9
P085_S006,S006,Product 085,Household,95,29,240,1.74,2025-07-03,stable,3.0
P086_S006,S006,Product 086,Bakery,35,32,278,6.39,2025-07-01,stable,1.9
P087_S006,S006,Product 087,Condiments,180,44,296,4.21,2025-07-03,increasing,2.9
P088_S006,S006,Product 088,Snacks,8,44,120,5.94,2025-07-02,stable,1.7
P089_S006,S006,Product 089,Canned,174,27,295,2.61,2025-07-05,decreasing,2.6
P090_S006,S006,Product 090,Snacks,35,48,229,1.64,2025-07-07,increasing,1.8
P091_S006,S006,Product 091,Household,42,30,281,7.15,2025-07-06,increasing,1.8
P092_S006,S006,Product 092,Beverages,57,38,143,2.17,2025-07-01,stable,2.8
P093_S006,S006,Product 093,Meat,125,41,183,4.72,2025-07-04,decreasing,1.4
P094_S006,S006,Product 094,Canned,162,43,212,3.57,2025-07-09,stable,1.3
P095_S006,S006,Product 095,Bakery,38,25,92,7.42,2025-07-01,decreasing,1.2
P096_S006,S006,Product 096,Dairy,102,46,152,9.97,2025-07-01,decreasing,2.1
P097_S006,S006,Product 097,Household,33,38,276,4.14,2025-07-03,increasing,1.8
P098_S006,S006,Product 098,Produce,26,13,269,1.3,2025-07-09,decreasing,1.7
P099_S006,S006,Product 099,Snacks,7,32,99,4.43,2025-07-05,stable,2.3
P100_S006,S006,Product 100,Beverages,146,29,144,8.16,2025-07-09,stable,1.6
P001_S007,S007,Product 001,Meat,54,43,186,9.55,2025-07-06,increasing,1.8
P002_S007,S007,Product 002,Beverages,78,25,209,4.41,2025-07-05,decreasing,2.9
P003_S007,S007,Product 003,Dairy,45,18,161,7.74,2025-07-02,decreasing,2.8
P004_S007,S007,Product 004,Condiments,80,43,165,2.81,2025-07-06,decreasing,1.5
P005_S007,S007,Product 005,Bakery,47,30,130,6.0,2025-07-07,decreasing,2.3
P006_S007,S007,Product 006,Beverages,145,38,255,6.34,2025-07-07,increasing,2.0
P007_S007,S007,Product 007,Meat,109,46,197,2.13,2025-07-08,increasing,1.8
P008_S007,S007,Product 008,Condiments,61,36,152,2.78,2025-07-04,increasing,1.2
P009_S007,S007,Product 009,Snacks,8,44,149,3.7,2025-07-04,stable,2.6
P010_S007,S007,Product 010,Beverages,171,40,119,5.2,2025-07-07,decreasing,2.5
P011_S007,S007,Product 011,Bakery,38,42,185,4.27,2025-07-09,decreasing,2.6
P012_S007,S007,Product 012,Bakery,90,39,218,1.04,2025-07-09,decreasing,1.2
P013_S007,S007,Product 013,Produce,59,16,118,8.51,2025-07-03,decreasing,2.8
P014_S007,S007,Product 014,Condiments,25,20,146,9.85,2025-07-08,decreasing,2.0
P015_S007,S007,Product 015,Dairy,26,43,266,8.09,2025-07-03,decreasing,1.4
P016_S007,S007,Product 016,Beverages,67,41,121,5.41,2025-07-02,stable,1.2
P017_S007,S007,Product 017,Beverages,194,49,212,3.2,2025-07-09,increasing,1.1
P018_S007,S007,Product 018,Condiments,79,25,297,3.14,2025-07-01,decreasing,1.9
P019_S007,S007,Product 019,Beverages,181,47,227,9.44,2025-07-01,decreasing,2.1
P020_S007,S007,Product 020,Frozen,133,34,112,2.21,2025-07-04,decreasing,1.7
P021_S007,S007,Product 021,Beverages,200,29,234,1.59,2025-07-06,stable,2.9
P022_S007,S007,Product 022,Meat,143,21,71,3.5,2025-07-07,increasing,1.9
P023_S007,S007,Product 023,Produce,36,37,274,6.12,2025-07-09,increasing,2.3
P024_S007,S007,Product 024,Frozen,136,13,229,8.63,2025-07-01,decreasing,1.5
P025_S007,S007,Product 025,Household,160,47,175,6.4,2025-07-07,stable,2.5
P026_S007,S007,Product 026,Canned,144,48,168,3.34,2025-07-05,stable,2.2
P027_S007,S007,Product 027,Frozen,34,21,163,5.96,2025-07-04,stable,1.3
P028_S007,S007,Product 028,Frozen,173,29,92,6.75,2025-07-02,increasing,1.4
P029_S007,S007,Product 029,Produce,70,46,149,1.47,2025-07-02,increasing,1.2
P030_S007,S007,Product 030,Dairy,13,17,208,8.48,2025-07-03,increasing,1.1
P031_S007,S007,Product 031,Beverages,190,50,237,5.91,2025-07-07,decreasing,2.3
P032_S007,S007,Product 032,Beverages,87,22,165,5.31,2025-07-03,decreasing,1.1
P033_S007,S007,Product 033,Condiments,22,28,273,8.31,2025-07-04,increasing,1.4
P034_S007,S007,Product 034,Bakery,159,30,110,5.18,2025-07-09,decreasing,2.1
P035_S007,S007,Product 035,Bakery,179,48,191,1.69,2025-07-06,stable,1.1
P036_S007,S007,Product 036,Meat,32,45,265,5.67,2025-07-07,decreasing,2.2
P037_S007,S007,Product 037,Beverages,120,50,196,9.78,2025-07-06,decreasing,2.8
P038_S007,S007,Product 038,Condiments,167,28,278,2.79,2025-07-04,stable,2.6
P039_S007,S007,Product 039,Bakery,104,50,156,7.04,2025-07-02,decreasing,1.0
P040_S007,S007,Product 040,Household,142,29,91,3.48,2025-07-01,increasing,2.7
P041_S007,S007,Product 041,Produce,173,36,262,7.39,2025-07-01,increasing,1.5
P042_S007,S007,Product 042,Condiments,15,40,200,9.26,2025-07-06,increasing,2.0
P043_S007,S007,Product 043,Meat,73,35,202,8.2,2025-07-04,increasing,2.8
P044_S007,S007,Product 044,Dairy,81,18,216,5.29,2025-07-02,increasing,1.7
P045_S007,S007,Product 045,Household,23,30,299,1.63,2025-07-05,decreasing,2.9
P046_S007,S007,Product 046,Snacks,181,10,176,9.94,2025-07-03,increasing,2.4
P047_S007,S007,Product 047,Frozen,92,37,206,3.03,2025-07-04,stable,1.3
P048_S007,S007,Product 048,Beverages,6,36,272,3.94,2025-07-05,increasing,2.3
P049_S007,S007,Product 049,Canned,54,40,134,8.04,2025-07-04,increasing,2.2
P050_S007,S007,Product 050,Bakery,8,19,211,3.24,2025-07-07,stable,2.8
P051_S007,S007,Product 051,Snacks,72,45,286,5.06,2025-07-04,increasing,2.4
P052_S007,S007,Product 052,Condiments,89,46,245,7.36,2025-07-06,decreasing,1.2
P053_S007,S007,Product 053,Meat,134,15,146,2.16,2025-07-03,increasing,1.8
P054_S007,S007,Product 054,Snacks,188,37,250,1.49,2025-07-05,decreasing,1.6
P055_S007,S007,Product 055,Condiments,126,14,257,9.6,2025-07-09,decreasing,2.1
P056_S007,S007,Product 056,Meat,142,41,147,7.56,2025-07-05,increasing,2.6
P057_S007,S007,Product 057,Condiments,192,16,132,5.75,2025-07-02,decreasing,2.5
P058_S007,S007,Product 058,Produce,158,41,227,4.6,2025-07-02,increasing,2.9
P059_S007,S007,Product 059,Beverages,6,12,198,2.52,2025-07-01,decreasing,1.8
P060_S007,S007,Product 060,Bakery,112,19,140,7.43,2025-07-02,stable,1.8
P061_S007,S007,Product 061,Meat,160,33,188,6.15,2025-07-08,increasing,1.8
P062_S007,S007,Product 062,Dairy,163,19,139,2.08,2025-07-04,decreasing,2.3
P063_S007,S007,Product 063,Produce,164,24,283,8.31,2025-07-05,decreasing,2.9
P064_S007,S007,Product 064,Dairy,129,28,245,9.5,2025-07-08,decreasing,2.1
P065_S007,S007,Product 065,Bakery,193,36,186,4.73,2025-07-02,increasing,1.4
P066_S007,S007,Product 066,Canned,81,35,240,3.52,2025-07-06,increasing,2.9
P067_S007,S007,Product 067,Frozen,37,13,236,5.63,2025-07-07,decreasing,2.8
P068_S007,S007,Product 068,Meat,175,29,232,1.24,2025-07-04,increasing,2.0
P069_S007,S007,Product 069,Produce,132,48,283,6.9,2025-07-06,increasing,2.9
P070_S007,S007,Product 070,Beverages,71,10,289,8.08,2025-07-07,decreasing,2.9
P071_S007,S007,Product 071,Beverages,115,28,222,2.87,2025-07-06,increasing,1.6
P072_S007,S007,Product 072,Snacks,28,29,166,8.36,2025-07-03,stable,1.4
P073_S007,S007,Product 073,Frozen,160,21,165,5.4,2025-07-06,stable,2.2
P074_S007,S007,Product 074,Snacks,173,44,221,7.93,2025-07-09,stable,2.9
P075_S007,S007,Product 075,Bakery,144,19,150,4.87,2025-07-07,stable,2.6
P076_S007,S007,Product 076,Produce,72,44,156,1.87,2025-07-03,stable,1.9
P077_S007,S007,Product 077,Produce,118,49,270,7.03,2025-07-09,stable,1.5
P078_S007,S007,Product 078,Condiments,98,37,220,7.58,2025-07-02,decreasing,1.4
P079_S007,S007,Product 079,Canned,57,22,244,3.33,2025-07-08,decreasing,2.7
P080_S007,S007,Product 080,Snacks,173,22,197,4.04,2025-07-03,increasing,1.4
P081_S007,S007,Product 081,Bakery,98,40,90,8.85,2025-07-01,stable,2.6
P082_S007,S007,Product 082,Canned,1,48,202,7.93,2025-07-01,decreasing,1.4
P083_S007,S007,Product 083,Household,156,36,175,5.79,2025-07-06,decreasing,2.2
P084_S007,S007,Product 084,Beverages,154,50,232,7.02,2025-07-08,stable,2.3
P085_S007,S007,Product 085,Condiments,161,49,192,6.64,2025-07-04,decreasing,2.1
P086_S007,S007,Product 086,Produce,195,24,222,1.19,2025-07-07,decreasing,2.8
P087_S007,S007,Product 087,Produce,88,19,163,3.23,2025-07-02,decreasing,1.0
P088_S007,S007,Product 088,Beverages,43,36,241,7.03,2025-07-07,increasing,2.1
P089_S007,S007,Product 089,Beverages,91,15,231,8.74,2025-07-09,increasing,2.4
P090_S007,S007,Product 090,Household,29,11,80,5.24,2025-07-05,stable,2.9
P091_S007,S007,Product 091,Beverages,115,24,251,3.39,2025-07-09,increasing,2.7
P092_S007,S007,Product 092,Snacks,71,28,91,7.56,2025-07-07,increasing,2.1
P093_S007,S007,Product 093,Dairy,37,20,205,7.19,2025-07-07,increasing,2.4
P094_S007,S007,Product 094,Dairy,197,42,129,3.48,2025-07-04,stable,2.0
P095_S007,S007,Product 095,Household,184,12,263,9.55,2025-07-04,increasing,3.0
P096_S007,S007,Product 096,Produce,31,16,114,1.62,2025-07-01,stable,2.9
P097_S007,S007,Product 097,Dairy,17,24,148,3.2,2025-07-09,stable,1.2
P098_S007,S007,Product 098,Bakery,146,16,289,8.39,2025-07-01,stable,2.6
P099_S007,S007,Product 099,Household,164,26,232,8.8,2025-07-01,increasing,1.5
P100_S007,S007,Product 100,Frozen,120,10,166,3.72,2025-07-03,stable,2.7
P001_S008,S008,Product 001,Condiments,170,29,172,7.77,2025-07-09,decreasing,2.3
P002_S008,S008,Product 002,Produce,92,45,126,3.17,2025-07-06,decreasing,1.8
P003_S008,S008,Product 003,Condiments,76,45,253,5.69,2025-07-06,decreasing,1.2
P004_S008,S008,Product 004,Bakery,109,23,256,8.84,2025-07-04,stable,1.1
P005_S008,S008,Product 005,Produce,37,36,236,2.52,2025-07-07,decreasing,1.3
P006_S008,S008,Product 006,Snacks,185,22,158,4.63,2025-07-06,increasing,1.6
P007_S008,S008,Product 007,Dairy,196,43,128,9.89,2025-07-03,decreasing,1.8
P008_S008,S008,Product 008,Bakery,126,25,230,8.4,2025-07-02,decreasing,2.4
P009_S008,S008,Product 009,Beverages,185,42,215,6.38,2025-07-02,decreasing,1.4
P010_S008,S008,Product 010,Condiments,139,30,158,5.89,2025-07-02,increasing,2.9
P011_S008,S008,Product 011,Bakery,156,36,150,2.11,2025-07-01,increasing,1.9
P012_S008,S008,Product 012,Household,17,42,181,9.42,2025-07-05,stable,1.8
P013_S008,S008,Product 013,Produce,142,30,151,8.51,2025-07-08,decreasing,2.5
P014_S008,S008,Product 014,Snacks,106,32,218,2.81,2025-07-02,stable,1.3
P015_S008,S008,Product 015,Bakery,122,31,89,3.51,2025-07-07,stable,1.3
P016_S008,S008,Product 016,Frozen,191,29,295,2.3,2025-07-08,stable,2.5
P017_S008,S008,Product 017,Snacks,189,29,174,4.85,2025-07-08,decreasing,2.7
P018_S008,S008,Product 018,Bakery,53,24,107,1.91,2025-07-04,decreasing,2.5
P019_S008,S008,Product 019,Beverages,11,47,246,6.22,2025-07-08,increasing,1.6
P020_S008,S008,Product 020,Frozen,109,11,136,3.46,2025-07-09,decreasing,2.0
P021_S008,S008,Product 021,Beverages,9,20,225,4.42,2025-07-05,decreasing,1.9
P022_S008,S008,Product 022,Canned,35,19,106,6.52,2025-07-08,increasing,2.7
P023_S008,S008,Product 023,Dairy,60,10,94,2.15,2025-07-06,increasing,2.4
P024_S008,S008,Product 024,Household,13,12,189,4.81,2025-07-07,decreasing,1.9
P025_S008,S008,Product 025,Meat,29,39,111,1.27,2025-07-01,increasing,1.4
P026_S008,S008,Product 026,Household,65,36,121,6.03,2025-07-05,stable,2.5
P027_S008,S008,Product 027,Snacks,159,24,251,5.11,2025-07-09,stable,2.7
P028_S008,S008,Product 028,Bakery,113,22,296,5.59,2025-07-07,stable,1.4
P029_S008,S008,Product 029,Frozen,175,28,255,1.17,2025-07-06,increasing,2.5
P030_S008,S008,Product 030,Household,171,17,122,3.28,2025-07-03,increasing,2.7
P031_S008,S008,Product 031,Meat,3,11,191,5.38,2025-07-05,increasing,2.2
P032_S008,S008,Product 032,Bakery,72,31,152,7.54,2025-07-07,stable,1.0
P033_S008,S008,Product 033,Canned,27,15,67,7.79,2025-07-04,stable,1.9
P034_S008,S008,Product 034,Condiments,19,35,119,8.52,2025-07-01,stable,1.4
P035_S008,S008,Product 035,Meat,11,26,244,8.43,2025-07-06,stable,1.8
P036_S008,S008,Product 036,Beverages,73,39,127,6.65,2025-07-02,stable,1.2
P037_S008,S008,Product 037,Household,17,14,78,9.79,2025-07-02,stable,2.0
P038_S008,S008,Product 038,Produce,2,11,269,7.87,2025-07-07,decreasing,2.0
P039_S008,S008,Product 039,Canned,44,11,136,7.46,2025-07-04,decreasing,1.7
P040_S008,S008,Product 040,Beverages,106,41,231,5.47,2025-07-07,increasing,1.1
P041_S008,S008,Product 041,Bakery,36,44,250,6.2,2025-07-04,decreasing,2.6
P042_S008,S008,Product 042,Frozen,103,21,186,7.78,2025-07-07,stable,1.5
P043_S008,S008,Product 043,Beverages,62,29,127,6.35,2025-07-04,increasing,1.6
P044_S008,S008,Product 044,Canned,31,10,141,8.38,2025-07-05,decreasing,2.3
P045_S008,S008,Product 045,Snacks,126,32,120,6.55,2025-07-05,increasing,2.0
P046_S008,S008,Product 046,Bakery,57,12,296,1.95,2025-07-02,increasing,2.3
P047_S008,S008,Product 047,Condiments,16,49,182,5.39,2025-07-09,stable,1.9
P048_S008,S008,Product 048,Meat,190,38,100,9.99,2025-07-08,increasing,2.4
P049_S008,S008,Product 049,Bakery,54,10,156,4.92,2025-07-09,stable,2.0
P050_S008,S008,Product 050,Beverages,60,22,212,5.78,2025-07-07,stable,1.6
P051_S008,S008,Product 051,Meat,3,41,127,1.63,2025-07-05,increasing,2.7
P052_S008,S008,Product 052,Canned,70,27,192,3.09,2025-07-08,stable,1.3
P053_S008,S008,Product 053,Frozen,88,25,125,5.68,2025-07-09,stable,2.6
P054_S008,S008,Product 054,Snacks,39,20,155,8.47,2025-07-04,stable,1.4
P055_S008,S008,Product 055,Household,159,46,187,3.32,2025-07-01,decreasing,1.7
P056_S008,S008,Product 056,Dairy,86,15,297,8.75,2025-07-04,increasing,2.3
P057_S008,S008,Product 057,Frozen,122,18,148,3.9,2025-07-03,stable,2.2
P058_S008,S008,Product 058,Household,168,14,196,3.64,2025-07-03,stable,1.9
P059_S008,S008,Product 059,Condiments,105,30,82,9.62,2025-07-08,increasing,2.3
P060_S008,S008,Product 060,Canned,155,35,295,4.83,2025-07-02,stable,2.3
P061_S008,S008,Product 061,Frozen,170,25,199,5.9,2025-07-01,stable,2.4
P062_S008,S008,Product 062,Snacks,90,37,95,7.06,2025-07-09,stable,2.4
P063_S008,S008,Product 063,Meat,52,29,238,1.34,2025-07-09,stable,1.8
P064_S008,S008,Product 064,Snacks,73,42,155,1.84,2025-07-05,stable,1.4
P065_S008,S008,Product 065,Condiments,2,28,133,1.22,2025-07-05,stable,1.4
P066_S008,S008,Product 066,Snacks,102,48,212,2.41,2025-07-09,decreasing,2.6
P067_S008,S008,Product 067,Beverages,184,39,253,7.89,2025-07-01,stable,1.2
P068_S008,S008,Product 068,Condiments,110,33,207,5.0,2025-07-06,stable,1.5
P069_S008,S008,Product 069,Dairy,13,36,202,3.71,2025-07-08,increasing,1.9
P070_S008,S008,Product 070,Snacks,43,46,113,4.85,2025-07-09,stable,2.1
P071_S008,S008,Product 071,Produce,87,34,95,5.48,2025-07-07,stable,2.2
P072_S008,S008,Product 072,Snacks,87,15,120,2.22,2025-07-08,increasing,2.8
P073_S008,S008,Product 073,Produce,136,32,156,1.39,2025-07-08,stable,1.4
P074_S008,S008,Product 074,Meat,173,23,137,3.01,2025-07-01,stable,2.4
P075_S008,S008,Product 075,Household,181,13,275,6.37,2025-07-09,increasing,1.7
P076_S008,S008,Product 076,Condiments,180,12,113,8.33,2025-07-07,decreasing,2.0
P077_S008,S008,Product 077,Snacks,6,27,114,7.68,2025-07-03,increasing,2.2
P078_S008,S008,Product 078,Household,171,48,224,4.66,2025-07-01,decreasing,2.7
P079_S008,S008,Product 079,Condiments,71,47,273,6.66,2025-07-06,decreasing,2.1
P080_S008,S008,Product 080,Meat,178,15,261,7.27,2025-07-05,decreasing,1.2
P081_S008,S008,Product 081,Condiments,106,47,278,5.45,2025-07-04,increasing,2.0
P082_S008,S008,Product 082,Snacks,37,26,184,1.48,2025-07-04,increasing,2.0
P083_S008,S008,Product 083,Beverages,162,39,102,6.4,2025-07-02,stable,2.0
P084_S008,S008,Product 084,Produce,29,22,122,1.16,2025-07-08,increasing,1.4
P085_S008,S008,Product 085,Produce,24,39,297,1.86,2025-07-02,decreasing,1.2
P086_S008,S008,Product 086,Bakery,82,16,92,1.2,2025-07-05,decreasing,2.3
P087_S008,S008,Product 087,Dairy,103,42,246,1.89,2025-07-06,stable,2.6
P088_S008,S008,Product 088,Snacks,72,14,146,5.42,2025-07-03,increasing,2.6
P089_S008,S008,Product 089,Meat,40,36,102,4.93,2025-07-06,decreasing,2.3
P090_S008,S008,Product 090,Snacks,130,46,263,4.19,2025-07-09,decreasing,2.9
P091_S008,S008,Product 091,Dairy,41,23,76,2.06,2025-07-09,decreasing,2.2
P092_S008,S008,Product 092,Snacks,103,26,152,5.73,2025-07-08,increasing,1.9
P093_S008,S008,Product 093,Condiments,173,32,155,6.08,2025-07-03,increasing,1.7
P094_S008,S008,Product 094,Frozen,24,31,131,2.8,2025-07-01,decreasing,1.9
P095_S008,S008,Product 095,Produce,200,19,237,9.07,2025-07-07,increasing,2.0
P096_S008,S008,Product 096,Condiments,106,50,280,5.63,2025-07-04,decreasing,1.4
P097_S008,S008,Product 097,Bakery,160,34,139,9.38,2025-07-06,increasing,2.4
P098_S008,S008,Product 098,Produce,75,23,142,3.04,2025-07-04,increasing,2.6
P099_S008,S008,Product 099,Beverages,200,21,237,9.04,2025-07-09,stable,1.8
P100_S008,S008,Product 100,Condiments,94,42,235,3.64,2025-07-03,decreasing,1.8
P001_S009,S009,Product 001,Snacks,189,11,265,5.67,2025-07-05,increasing,1.6
P002_S009,S009,Product 002,Bakery,182,49,162,2.38,2025-07-09,increasing,2.7
P003_S009,S009,Product 003,Meat,6,32,204,1.84,2025-07-02,increasing,2.8
P004_S009,S009,Product 004,Snacks,187,43,111,9.08,2025-07-03,decreasing,1.2
P005_S009,S009,Product 005,Beverages,43,41,147,8.68,2025-07-03,increasing,1.2
P006_S009,S009,Product 006,Condiments,91,40,151,4.67,2025-07-06,increasing,2.2
P007_S009,S009,Product 007,Canned,147,44,282,3.17,2025-07-01,increasing,1.5
P008_S009,S009,Product 008,Produce,14,36,89,8.9,2025-07-04,increasing,1.9
P009_S009,S009,Product 009,Beverages,168,33,133,1.87,2025-07-07,decreasing,1.8
P010_S009,S009,Product 010,Meat,85,17,296,5.39,2025-07-02,decreasing,1.3
P011_S009,S009,Product 011,Condiments,29,40,270,7.6,2025-07-03,stable,2.2
P012_S009,S009,Product 012,Household,182,36,193,9.96,2025-07-07,stable,2.7
P013_S009,S009,Product 013,Condiments,156,44,172,4.06,2025-07-08,stable,1.9
P014_S009,S009,Product 014,Frozen,78,35,99,9.3,2025-07-03,increasing,1.7
P015_S009,S009,Product 015,Dairy,60,38,189,2.3,2025-07-01,decreasing,1.1
P016_S009,S009,Product 016,Bakery,132,20,163,7.48,2025-07-08,increasing,1.6
P017_S009,S009,Product 017,Dairy,49,48,270,3.57,2025-07-04,decreasing,2.4
P018_S009,S009,Product 018,Condiments,73,39,196,1.0,2025-07-08,decreasing,2.2
P019_S009,S009,Product 019,Meat,192,12,138,5.2,2025-07-06,increasing,2.6
P020_S009,S009,Product 020,Household,11,21,237,1.04,2025-07-09,decreasing,1.7
P021_S009,S009,Product 021,Produce,174,43,109,3.55,2025-07-09,stable,1.5
P022_S009,S009,Product 022,Frozen,185,44,273,7.95,2025-07-04,increasing,1.9
P023_S009,S009,Product 023,Condiments,16,36,227,8.02,2025-07-05,decreasing,2.9
P024_S009,S009,Product 024,Frozen,103,21,249,2.93,2025-07-04,increasing,1.3
P025_S009,S009,Product 025,Snacks,120,36,207,7.48,2025-07-04,decreasing,1.3
P026_S009,S009,Product 026,Snacks,131,10,238,8.33,2025-07-07,increasing,3.0
P027_S009,S009,Product 027,Frozen,53,21,179,5.0,2025-07-01,increasing,1.4
P028_S009,S009,Product 028,Household,22,21,82,5.07,2025-07-05,decreasing,1.2
P029_S009,S009,Product 029,Dairy,88,35,246,8.62,2025-07-02,decreasing,2.0
P030_S009,S009,Product 030,Bakery,74,38,293,5.39,2025-07-04,stable,1.7
P031_S009,S009,Product 031,Canned,167,38,127,8.19,2025-07-08,decreasing,1.1
P032_S009,S009,Product 032,Dairy,128,10,91,3.54,2025-07-05,decreasing,1.1
P033_S009,S009,Product 033,Dairy,4,47,117,7.94,2025-07-05,increasing,2.1
P034_S009,S009,Product 034,Dairy,45,50,115,3.42,2025-07-03,stable,2.9
P035_S009,S009,Product 035,Canned,94,14,65,3.05,2025-07-01,decreasing,1.3
P036_S009,S009,Product 036,Produce,28,35,293,3.67,2025-07-05,increasing,2.3
P037_S009,S009,Product 037,Meat,13,15,205,6.2,2025-07-01,stable,2.9
P038_S009,S009,Product 038,Produce,92,12,188,8.03,2025-07-07,increasing,3.0
P039_S009,S009,Product 039,Condiments,3,12,147,8.73,2025-07-04,stable,1.9
P040_S009,S009,Product 040,Bakery,181,32,207,4.77,2025-07-06,stable,1.6
P041_S009,S009,Product 041,Condiments,24,34,253,2.39,2025-07-08,increasing,2.0
P042_S009,S009,Product 042,Canned,24,19,290,6.71,2025-07-03,increasing,1.2
P043_S009,S009,Product 043,Beverages,165,25,97,6.82,2025-07-03,decreasing,1.7
P044_S009,S009,Product 044,Produce,64,14,238,3.35,2025-07-08,decreasing,2.3
P045_S009,S009,Product 045,Frozen,197,24,257,6.0,2025-07-04,increasing,1.7
P046_S009,S009,Product 046,Meat,0,30,98,5.61,2025-07-09,stable,2.3
P047_S009,S009,Product 047,Snacks,132,32,288,5.64,2025-07-09,increasing,1.2
P048_S009,S009,Product 048,Snacks,195,37,286,2.99,2025-07-05,increasing,2.3
P049_S009,S009,Product 049,Dairy,121,29,151,3.5,2025-07-07,decreasing,2.1
P050_S009,S009,Product 050,Bakery,32,36,190,8.89,2025-07-01,stable,2.1
P051_S009,S009,Product 051,Dairy,172,47,295,2.25,2025-07-02,decreasing,1.6
P052_S009,S009,Product 052,Canned,121,46,213,3.92,2025-07-09,decreasing,2.0
P053_S009,S009,Product 053,Bakery,161,46,273,8.29,2025-07-01,stable,1.1
P054_S009,S009,Product 054,Meat,145,23,279,2.07,2025-07-03,increasing,1.5
P055_S009,S009,Product 055,Snacks,87,31,189,8.17,2025-07-06,stable,1.9
P056_S009,S009,Product 056,Canned,21,39,230,6.34,2025-07-08,decreasing,2.1
P057_S009,S009,Product 057,Frozen,132,23,262,8.71,2025-07-03,decreasing,1.5
P058_S009,S009,Product 058,Canned,53,15,221,5.57,2025-07-08,decreasing,1.0
P059_S009,S009,Product 059,Beverages,129,38,219,6.01,2025-07-09,increasing,1.6
P060_S009,S009,Product 060,Produce,70,36,279,6.13,2025-07-03,increasing,2.1
P061_S009,S009,Product 061,Household,30,46,232,2.23,2025-07-02,stable,1.2
P062_S009,S009,Product 062,Beverages,91,24,136,2.62,2025-07-01,increasing,2.2
P063_S009,S009,Product 063,Snacks,109,42,156,4.27,2025-07-04,increasing,1.0
P064_S009,S009,Product 064,Frozen,85,31,174,4.11,2025-07-09,decreasing,2.9
P065_S009,S009,Product 065,Bakery,180,42,206,6.2,2025-07-03,stable,1.4
P066_S009,S009,Product 066,Produce,166,30,237,6.07,2025-07-01,decreasing,2.3
P067_S009,S009,Product 067,Produce,134,50,272,7.1,2025-07-07,increasing,1.2
P068_S009,S009,Product 068,Produce,175,20,256,7.88,2025-07-02,increasing,2.9
P069_S009,S009,Product 069,Produce,171,30,295,5.89,2025-07-06,increasing,1.1
P070_S009,S009,Product 070,Meat,5,29,167,3.32,2025-07-02,stable,2.3
P071_S009,S009,Product 071,Bakery,149,49,138,1.06,2025-07-02,stable,2.2
P072_S009,S009,Product 072,Beverages,15,43,107,7.42,2025-07-02,increasing,1.1
P073_S009,S009,Product 073,Household,117,18,211,9.12,2025-07-03,decreasing,1.3
P074_S009,S009,Product 074,Household,166,29,232,2.18,2025-07-05,stable,2.1
P075_S009,S009,Product 075,Snacks,82,11,136,3.94,2025-07-01,stable,2.0
P076_S009,S009,Product 076,Condiments,101,26,173,4.74,2025-07-08,decreasing,2.4
P077_S009,S009,Product 077,Produce,198,34,127,6.82,2025-07-03,decreasing,1.8
P078_S009,S009,Product 078,Bakery,71,33,150,9.85,2025-07-04,increasing,1.6
P079_S009,S009,Product 079,Dairy,98,45,209,8.28,2025-07-02,decreasing,2.9
P080_S009,S009,Product 080,Produce,9,48,242,1.98,2025-07-03,increasing,1.9
P081_S009,S009,Product 081,Household,138,30,288,9.49,2025-07-02,decreasing,1.2
P082_S009,S009,Product 082,Meat,3,32,87,9.04,2025-07-04,decreasing,1.5
P083_S009,S009,Product 083,Bakery,63,39,259,2.73,2025-07-03,increasing,1.1
P084_S009,S009,Product 084,Household,58,23,118,1.45,2025-07-04,increasing,1.4
P085_S009,S009,Product 085,Dairy,83,47,170,6.95,2025-07-05,decreasing,2.3
P086_S009,S009,Product 086,Household,197,14,181,2.16,2025-07-01,decreasing,2.2
P087_S009,S009,Product 087,Household,166,45,285,9.89,2025-07-05,stable,1.4
P088_S009,S009,Product 088,Meat,172,31,143,6.87,2025-07-06,stable,1.2
P089_S009,S009,Product 089,Beverages,15,36,253,7.28,2025-07-09,increasing,1.1
P090_S009,S009,Product 090,Bakery,166,22,170,4.13,2025-07-05,increasing,3.0
P091_S009,S009,Product 091,Bakery,137,45,117,1.26,2025-07-03,decreasing,2.6
P092_S009,S009,Product 092,Bakery,2,29,189,8.48,2025-07-08,decreasing,2.0
P093_S009,S009,Product 093,Bakery,168,40,180,4.95,2025-07-09,stable,1.3
P094_S009,S009,Product 094,Frozen,145,33,151,6.31,2025-07-03,increasing,1.0
P095_S009,S009,Product 095,Household,116,35,192,5.0,2025-07-07,stable,3.0
P096_S009,S009,Product 096,Household,79,16,251,3.84,2025-07-05,stable,2.2
P097_S009,S009,Product 097,Household,194,48,267,1.93,2025-07-06,stable,2.5
P098_S009,S009,Product 098,Dairy,43,46,178,6.73,2025-07-09,increasing,1.1
P099_S009,S009,Product 099,Beverages,10,32,206,9.36,2025-07-03,decreasing,1.9
P100_S009,S009,Product 100,Meat,64,24,257,3.04,2025-07-02,increasing,1.2
P001_S010,S010,Product 001,Beverages,9,37,162,5.2,2025-07-08,increasing,1.3
P002_S010,S010,Product 002,Meat,46,48,168,3.08,2025-07-05,decreasing,1.4
P003_S010,S010,Product 003,Frozen,138,39,218,2.19,2025-07-04,decreasing,1.4
P004_S010,S010,Product 004,Household,189,29,230,4.74,2025-07-08,decreasing,2.1
P005_S010,S010,Product 005,Canned,147,11,241,1.46,2025-07-06,stable,2.6
P006_S010,S010,Product 006,Condiments,63,34,271,1.91,2025-07-06,stable,1.1
P007_S010,S010,Product 007,Bakery,67,32,220,5.16,2025-07-07,stable,1.7
P008_S010,S010,Product 008,Frozen,94,13,201,6.25,2025-07-09,decreasing,2.8
P009_S010,S010,Product 009,Meat,148,44,220,2.01,2025-07-05,decreasing,2.6
P010_S010,S010,Product 010,Frozen,93,23,217,5.14,2025-07-05,decreasing,2.7
P011_S010,S010,Product 011,Frozen,191,14,293,1.0,2025-07-07,stable,2.3
P012_S010,S010,Product 012,Canned,99,43,240,1.99,2025-07-03,decreasing,1.6
P013_S010,S010,Product 013,Frozen,60,30,290,3.31,2025-07-09,stable,2.7
P014_S010,S010,Product 014,Condiments,190,31,252,7.68,2025-07-02,stable,2.8
P015_S010,S010,Product 015,Beverages,84,35,186,2.67,2025-07-01,decreasing,1.6
P016_S010,S010,Product 016,Canned,123,33,192,2.47,2025-07-01,increasing,2.0
P017_S010,S010,Product 017,Frozen,174,25,250,5.04,2025-07-08,increasing,1.2
P018_S010,S010,Product 018,Household,19,27,130,9.17,2025-07-09,stable,2.3
P019_S010,S010,Product 019,Bakery,41,21,171,7.12,2025-07-07,increasing,2.5
P020_S010,S010,Product 020,Dairy,141,50,137,1.59,2025-07-02,stable,2.3
P021_S010,S010,Product 021,Bakery,32,36,88,9.66,2025-07-09,decreasing,1.4
P022_S010,S010,Product 022,Frozen,192,21,201,7.5,2025-07-09,decreasing,2.2
P023_S010,S010,Product 023,Beverages,113,43,229,5.99,2025-07-01,decreasing,1.4
P024_S010,S010,Product 024,Bakery,94,24,107,4.85,2025-07-02,increasing,2.9
P025_S010,S010,Product 025,Beverages,75,22,210,9.43,2025-07-02,increasing,1.4
P026_S010,S010,Product 026,Bakery,40,50,289,6.77,2025-07-01,increasing,1.2
P027_S010,S010,Product 027,Produce,9,41,202,7.09,2025-07-01,decreasing,2.4
P028_S010,S010,Product 028,Beverages,42,13,128,8.08,2025-07-04,stable,1.0
P029_S010,S010,Product 029,Bakery,6,17,200,3.62,2025-07-08,stable,2.5
P030_S010,S010,Product 030,Meat,186,29,190,9.45,2025-07-07,decreasing,1.8
P031_S010,S010,Product 031,Meat,140,34,269,3.69,2025-07-08,stable,2.7
P032_S010,S010,Product 032,Meat,129,17,101,3.97,2025-07-05,increasing,1.5
P033_S010,S010,Product 033,Household,124,29,292,1.17,2025-07-06,increasing,2.5
P034_S010,S010,Product 034,Condiments,79,50,164,2.43,2025-07-09,decreasing,2.2
P035_S010,S010,Product 035,Frozen,186,13,256,1.1,2025-07-09,stable,1.5
P036_S010,S010,Product 036,Dairy,63,42,141,9.54,2025-07-01,increasing,1.1
P037_S010,S010,Product 037,Meat,5,29,90,8.3,2025-07-04,increasing,2.8
P038_S010,S010,Product 038,Snacks,154,18,176,9.12,2025-07-05,decreasing,2.7
P039_S010,S010,Product 039,Bakery,108,36,136,9.18,2025-07-02,decreasing,1.3
P040_S010,S010,Product 040,Dairy,22,31,200,2.32,2025-07-06,increasing,2.8
P041_S010,S010,Product 041,Beverages,189,12,254,1.56,2025-07-02,increasing,2.1
P042_S010,S010,Product 042,Produce,30,31,200,1.85,2025-07-05,increasing,2.6
P043_S010,S010,Product 043,Meat,154,39,174,5.3,2025-07-03,increasing,1.1
P044_S010,S010,Product 044,Bakery,34,43,96,7.47,2025-07-09,decreasing,2.0
P045_S010,S010,Product 045,Frozen,145,31,252,3.37,2025-07-03,increasing,1.5
P046_S010,S010,Product 046,Produce,65,18,259,8.68,2025-07-01,decreasing,2.0
P047_S010,S010,Product 047,Canned,154,12,255,7.92,2025-07-07,decreasing,1.9
P048_S010,S010,Product 048,Snacks,169,43,213,4.49,2025-07-05,decreasing,1.3
P049_S010,S010,Product 049,Meat,139,28,161,2.48,2025-07-02,decreasing,1.5
P050_S010,S010,Product 050,Snacks,86,38,222,1.41,2025-07-07,decreasing,2.8
P051_S010,S010,Product 051,Condiments,29,14,195,2.62,2025-07-09,stable,1.3
P052_S010,S010,Product 052,Frozen,126,50,250,4.96,2025-07-01,stable,2.6
P053_S010,S010,Product 053,Frozen,15,12,125,7.67,2025-07-04,decreasing,2.0
P054_S010,S010,Product 054,Canned,120,31,283,1.43,2025-07-01,increasing,2.4
P055_S010,S010,Product 055,Canned,190,42,202,5.57,2025-07-02,stable,1.9
P056_S010,S010,Product 056,Produce,149,28,125,1.25,2025-07-09,decreasing,1.1
P057_S010,S010,Product 057,Meat,9,14,285,5.68,2025-07-01,stable,2.2
P058_S010,S010,Product 058,Snacks,77,36,211,5.54,2025-07-09,increasing,2.3
P059_S010,S010,Product 059,Snacks,151,48,101,6.3,2025-07-03,increasing,1.7
P060_S010,S010,Product 060,Frozen,58,44,248,4.93,2025-07-03,increasing,2.7
P061_S010,S010,Product 061,Bakery,160,21,144,5.61,2025-07-03,decreasing,2.8
P062_S010,S010,Product 062,Produce,14,16,295,7.48,2025-07-08,decreasing,2.6
P063_S010,S010,Product 063,Bakery,18,49,263,4.45,2025-07-09,decreasing,2.0
P064_S010,S010,Product 064,Beverages,48,13,253,8.72,2025-07-09,decreasing,2.2
P065_S010,S010,Product 065,Beverages,101,28,118,4.23,2025-07-02,increasing,2.9
P066_S010,S010,Product 066,Bakery,104,33,105,7.1,2025-07-05,decreasing,1.5
P067_S010,S010,Product 067,Snacks,132,41,253,7.9,2025-07-05,stable,3.0
P068_S010,S010,Product 068,Condiments,94,14,163,9.07,2025-07-05,stable,1.8
P069_S010,S010,Product 069,Bakery,0,48,215,9.47,2025-07-04,increasing,2.5
P070_S010,S010,Product 070,Produce,46,18,203,1.91,2025-07-02,decreasing,2.4
P071_S010,S010,Product 071,Beverages,180,40,274,9.13,2025-07-04,increasing,1.5
P072_S010,S010,Product 072,Dairy,163,44,171,9.7,2025-07-05,increasing,1.2
P073_S010,S010,Product 073,Snacks,120,20,217,3.27,2025-07-01,stable,1.7
P074_S010,S010,Product 074,Produce,97,37,197,3.35,2025-07-08,increasing,1.3
P075_S010,S010,Product 075,Bakery,103,48,105,8.5,2025-07-09,decreasing,1.8
P076_S010,S010,Product 076,Beverages,86,30,170,9.96,2025-07-07,increasing,2.1
P077_S010,S010,Product 077,Meat,198,35,90,7.56,2025-07-05,increasing,1.5
P078_S010,S010,Product 078,Snacks,130,37,148,2.95,2025-07-06,decreasing,1.7
P079_S010,S010,Product 079,Beverages,112,41,236,9.93,2025-07-09,decreasing,2.5
P080_S010,S010,Product 080,Meat,181,29,223,6.09,2025-07-07,increasing,1.3
P081_S010,S010,Product 081,Frozen,59,22,230,6.6,2025-07-02,increasing,1.4
P082_S010,S010,Product 082,Bakery,4,38,193,2.43,2025-07-01,stable,2.6
P083_S010,S010,Product 083,Canned,104,46,137,6.48,2025-07-07,decreasing,1.7
P084_S010,S010,Product 084,Snacks,23,16,156,7.28,2025-07-05,increasing,1.4
P085_S010,S010,Product 085,Dairy,171,37,129,4.38,2025-07-09,stable,1.8
P086_S010,S010,Product 086,Produce,197,37,264,2.6,2025-07-03,decreasing,1.7
P087_S010,S010,Product 087,Produce,124,35,92,5.23,2025-07-04,stable,1.9
P088_S010,S010,Product 088,Beverages,183,21,241,5.59,2025-07-09,stable,1.8
P089_S010,S010,Product 089,Canned,152,30,156,1.07,2025-07-04,increasing,2.8
P090_S010,S010,Product 090,Condiments,35,24,133,2.16,2025-07-04,increasing,2.7
P091_S010,S010,Product 091,Household,47,22,197,6.64,2025-07-08,decreasing,2.5
P092_S010,S010,Product 092,Produce,98,19,267,6.55,2025-07-03,increasing,2.2
P093_S010,S010,Product 093,Produce,167,40,133,7.92,2025-07-02,decreasing,2.2
P094_S010,S010,Product 094,Snacks,114,30,213,3.19,2025-07-02,decreasing,2.1
P095_S010,S010,Product 095,Canned,194,39,147,2.59,2025-07-07,stable,1.8
P096_S010,S010,Product 096,Frozen,76,13,67,2.63,2025-07-02,increasing,1.3
P097_S010,S010,Product 097,Canned,171,41,120,7.76,2025-07-05,decreasing,2.5
P098_S010,S010,Product 098,Frozen,51,24,145,1.8,2025-07-05,decreasing,2.7
P099_S010,S010,Product 099,Condiments,185,20,185,4.91,2025-07-05,stable,2.0
P100_S010,S010,Product 100,Snacks,20,11,273,1.62,2025-07-02,stable,2.3
